wav_path,speaker_id,gender,age,region,duration,transcript,pred_A,pred_B
노인남여_노인대화07_M_1520916170_75_수도권_실내_07918.wav,1520916170,M,75,수도권,10.408,버거워 하진 않았는데 이제 땀은 많이 흘렸는데,허거워 하진 않았는데 이제 땀은 많이 흘렸는데,버거워 하진 않았는데 이제 땀은 많이 흘렸는데
노인남여_노인대화08_F_1531552733_69_수도권_실내_09157.wav,1531552733,F,69,수도권,10.49,그래서 파프리카도 쓰 싸게 나오나와서 종류별로 하고,그래서 파프리카도 싸게 나와서 종류별로 하고,그래서 파프리카도 싸게 나와서 종류별로 하고
노인남여_노인대화08_F_1531552733_69_수도권_실내_09158.wav,1531552733,F,69,수도권,10.15,오이 그리고 숙주도 있어서 넣고 이것저것 해서,오이 그리고 쑥쥐도 있어서 넣고 이것저것 해서,오이 그리고 쑥쥐도 있어서 넣고 이것저것 해서
노인남여_노인대화08_F_1531552733_69_수도권_실내_09161.wav,1531552733,F,69,수도권,12.63,그래서 월남쌈 자주 해 먹어야겠다했다라고 생각했어요,그래서 월남쌈 자주 해 먹어야 겠다 겠다 라고 생각했어요,그래서 월남쌈 자주 해 먹어야 겠다 겠다 라고 생각했어요
노인남여_노인대화08_F_1531552733_69_수도권_실내_09165.wav,1531552733,F,69,수도권,13.05,씁 그래서 피시소스에 청양고추 소금 다져서 넣고,그래서 피시 소스에 청양고추 소금 다져서 넣고,그래서 피시 소스에 청양고추 소금 다져서 넣고
노인남여_노인대화08_F_1531552733_69_수도권_실내_09171.wav,1531552733,F,69,수도권,10.41,시골에서 드시던 음식들이 생각이 많이 나나 봐요,시골에서 드시던 음식들이 생각이 많이 나나 봐요,시골에서 드시던 음식들이 생각이 많이 나나 봐요
노인남여_노인대화08_F_1531552733_69_수도권_실내_09173.wav,1531552733,F,69,수도권,10.32,꽈리고추 말고도 요즘 이렇게 그냥 찍어먹는 고추인데,파리고추 말고도 요즘 이렇게 그냥 찍어 먹는 고추인데,파리고추 말고도 요즘 이렇게 그냥 찍어 먹는 고추인데
노인남여_노인대화08_F_1531552733_69_수도권_실내_09177.wav,1531552733,F,69,수도권,11.09,저 같은 경우에는 고추찜을 어떻게 하냐면,저 같은 경우에는 고추찜을 어떻게 하냐면,저 같은 경우에는 고추찜을 어떻게 하냐면
노인남여_노인대화08_F_1531552733_69_수도권_실내_09178.wav,1531552733,F,69,수도권,10.749,그러니까 날 콩가루 그리고 밀가루랑 반반 섞어서,그러니까 날 콩가루 그리고 밀가루랑 반반 섞어서,그러니까 날 콩가루 그리고 밀가루랑 반반 섞어서
노인남여_노인대화08_F_1531552733_69_수도권_실내_09179.wav,1531552733,F,69,수도권,13.91,그 다음에 고추를 깨끗이깨끗하게 씻어서 비닐 봉투에 담아서,그다음에 고추를 깨끗이 깨끗하게 씻어서 비닐 봉투에 담아서,그다음에 고추를 깨끗이 깨끗하게 씻어서 비닐 봉투에 담아서
노인남여_노인대화08_F_1531552733_69_수도권_실내_09180.wav,1531552733,F,69,수도권,11.261,반반 섞은 콩가루하고 밀가루를 거기에다 뿌려요,반반 섞은 콩가루 하고 밀가루를 거기에다 뿌려요,반반 섞은 콩가루 하고 밀가루를 거기에다 뿌려요
노인남여_노인대화08_F_1531552733_69_수도권_실내_09181.wav,1531552733,F,69,수도권,11.26,그렇게 해서 봉지를 묶어 가지가지고 이렇게 흔들어주어주면,그렇게 해서 봉지를 묶어 가지고 이렇게 흔들어 주면,그렇게 해서 봉지를 묶어 가지고 이렇게 흔들어 주면
노인남여_노인대화08_F_1531552733_69_수도권_실내_09183.wav,1531552733,F,69,수도권,11.35,그러면 그거를 찜통 찜솥에 넣고 쪄요 쪄서 양념해서 먹죠,그러면 그거를 찜통 찜솥에 넣고 쪄요 쪄서 양념해서 먹죠,그러면 그거를 찜솥에 넣고 쪄요 쪄서 양념해서 먹죠
노인남여_노인대화08_F_1531552733_69_수도권_실내_09184.wav,1531552733,F,69,수도권,12.97,양념은 마늘하고 간장하고 고춧가루 물엿 약간 넣고,양념은 마늘하고 간장하고 고춧가루 물엿 약간 넣고,양념은 마늘하고 간장하고 고춧가루 물엿 약간 넣고
노인남여_노인대화08_F_1531552733_69_수도권_실내_09185.wav,1531552733,F,69,수도권,10.75,이런 식으로 해서 무치면 어른들이 되게 좋아하시더라고요,이런 식으로 해서 묻히면 어른들이 되게 좋아하시더라고요,이런 식으로 해서 묻히면 어른들이 되게 좋아하시더라고요
노인남여_노인대화08_F_1531552733_69_수도권_실내_09186.wav,1531552733,F,69,수도권,12.03,그래서 저 같은 경우에도 남편 남편 고향이 경상도니까,그래서 저 같은 경우에도 남편 남편 고향이 경상도니까요,그래서 저 같은 경우에도 남편 남편 고향이 경상도니까요
노인남여_노인대화08_F_1531552733_69_수도권_실내_09190.wav,1531552733,F,69,수도권,12.03,안 매운 걸로 고추를 만져 보면 이렇게 딱딱한 건 매워요,안 매운 걸로 고추를 만져 보면 이렇게 딱딱한 건 매워요,안 매운 걸로 고추를 만져 보면 이렇게 딱딱한 건 매워요
노인남여_노인대화08_F_1531552733_69_수도권_실내_09196.wav,1531552733,F,69,수도권,12.37,그런데 대부분 녹말가루를 묻힌게 아니고 녹말이 아니라,그런데 대부분 녹말 가루를 묻힌 게 아니고 녹말이 아니라,그런데 대부분 녹말카루를 묻힌 게 아니고 녹말이 아니라
노인남여_노인대화08_F_1531552733_69_수도권_실내_09198.wav,1531552733,F,69,수도권,10.49,경상도 식으로 하는 게 날 콩가루를 섞어서 하거든요,경상도식으로 하는 게 날 콩가루를 섞어서 하거든요,평상도식으로 하는 게 날 콩가루를 섞어서 하거든요
노인남여_노인대화08_F_1531552733_69_수도권_실내_09200.wav,1531552733,F,69,수도권,10.323,그래 그런데 섞어서 하면 하나하나 분리가 되거든요,그런데 섞어서 하면 하나하나 분리가 되거든요,그런데 섞어서 하면 하나하나 분리가 되거든요
노인남여_노인대화08_F_1531552733_69_수도권_실내_09209.wav,1531552733,F,69,수도권,14.5,열무김치에 멸치를 멸치 넣고 자작자작 해 가지고 했는데,열무 김치에 멸치를 멸치 넣고 자작자작 해가지고 했는데,열무김치에 멸치를 멸치 넣고 자작자작 해가지고 했는데
노인남여_노인대화08_F_1531552733_69_수도권_실내_09212.wav,1531552733,F,69,수도권,11.005,열무김치 양념을 살짝 씻어내고 멸치 넣어서,열무김치 양념을 살짝 씻어내고 멸치 넣어서,열무김치 양념을 살짝 씻어내고 멸치 넣어서
노인남여_노인대화08_F_1531552733_69_수도권_실내_09215.wav,1531552733,F,69,수도권,11.94,근데 그런 맛이 나이가 드니깐 좋아지는 것 같아요,근데 그런 맛이 나이가 드니깐 좋아지는 것 같아요,근데 그런 맛이 나이가 드니깐 좋아지는 것 같아요
노인남여_노인대화08_F_1531552733_69_수도권_실내_09216.wav,1531552733,F,69,수도권,11.35,그리고 우리 집에서 또 자주해 먹는 음식이 있어요,그리고 우리 집에서 또 자주 해 먹는 음식이 있어요,그리고 우리 집에서 또 자주 해 먹는 음식이 있어요
노인남여_노인대화08_F_1531552733_69_수도권_실내_09219.wav,1531552733,F,69,수도권,12.03,그러니까 집에서 그러니까 집 집안에 행사나 제사가 있을 때,그러니까 집안에 행사나 제사가 있을 때,그러니까 집안에 행사나 제사가 있을 때
노인남여_노인대화08_F_1531552733_69_수도권_실내_09220.wav,1531552733,F,69,수도권,11.26,그거를 부쳐요 근데 이게 처음에는 잘 안되더라고요,그거를 붙여요 근데 이게 처음에는 잘 안 되더라고요,그거를 붙여요 근데 이게 처음에는 잘 안 되더라고요
노인남여_노인대화08_F_1531552733_69_수도권_실내_09227.wav,1531552733,F,69,수도권,15.015,또 머리 부분이랑 줄기 부분은 딱딱하잖아요.,또 머리 부분이랑 줄기 부분은 딱딱 하잖아요,또 머리 부분이랑 줄기 부분은 딱딱 하잖아요
노인남여_노인대화08_F_1531552733_69_수도권_실내_09230.wav,1531552733,F,69,수도권,13.48,그 다음에 팬에 팬에다 팬에다가 기름을 두르고 배추를 먼저 놔요 먼저 놔요,그 다음에 팬에 팬에다 팬에다가 기름을 두르고 배추를 먼저 나요 먼저 나요,그 다음에 팬에 팬에다 팬에다가 기름을 두르고 배추를 먼저 나요 먼저 나요
노인남여_노인대화08_F_1531552733_69_수도권_실내_09232.wav,1531552733,F,69,수도권,13.65,좀 묽다 싶을 정도로 해서 쭉 이렇게 되요 쭉 이렇게 되요 쭉 이렇게 놔요,좀 묶다 싶을 정도로 해서 쭉 이렇게 돼요 쭉 이렇게 놔요,좀 묶다 싶을 정도로 해서 쭉 이렇게 돼요 쭉 이렇게 놔요
노인남여_노인대화08_F_1531552733_69_수도권_실내_09233.wav,1531552733,F,69,수도권,13.053,그리고 윗부분이 약간 꾸덕꾸덕 해진다 싶으면 뒤집어요.,그리고 윗부분이 약간 꾸덕꾸덕 해진다 싶으면 뒤집어요,그리고 밑부분이 약간 꾸덕꾸덕 해진다 싶으면 뒤집어요
노인남여_노인대화08_F_1531552733_69_수도권_실내_09244.wav,1531552733,F,69,수도권,13.82,배추의 단맛 그게 있어 있어서 달짝지근 하니 굉장히 맛있거든요,배추의 단맛 그게 있어 있어서 달짝지근 하니 굉장히 맛있거든요,배추의 단맛 그게 있어서 달짝지근하니 굉장히 맛있거든요
노인남여_노인대화08_F_1531552733_69_수도권_실내_09252.wav,1531552733,F,69,수도권,11.77,간장을 찍어 먹는데 다들 맛있다 그래서 했죠,간장을 찍어 먹는데 다들 맛있다 그래서 했죠,간장을 찍어 먹는데 다들 맛있다 그래서 했죠
노인남여_노인대화08_F_1531552733_69_수도권_실내_09254.wav,1531552733,F,69,수도권,10.152,근데 그 부분 두꺼운 부분을 두드리지는 않았어,근데 그 부분 두꺼운 부분을 두드리지는 않았어,근데 그 부분 두꺼운 부분을 두드리지는 않았어
노인남여_노인대화08_F_1531552733_69_수도권_실내_09257.wav,1531552733,F,69,수도권,10.66,근데 세 장씩 이렇게 해서 하는 것도 괜찮겠다,근데 세 장씩 이렇게 해서 하는 것도 괜찮겠다,근데 세 장씩 이렇게 해서 하는 것도 괜찮겠다
노인남여_노인대화08_F_1531552733_69_수도권_실내_09259.wav,1531552733,F,69,수도권,14.76,그런데 세 장씩 한꺼번에 하면 큰 팬에다가,그런데 세 장씩 한꺼번에 하면 큰 팬에다가,그런데 세 장씩 한꺼번에 하면 큰 팬에다가
노인남여_노인대화08_F_1531552733_69_수도권_실내_09260.wav,1531552733,F,69,수도권,11.09,한꺼 번에 그냥 한 장씩 하면은 그게 굉장히,한꺼번에 그냥 한 장씩 하면은 그게 굉장히,한꺼번에 그냥 한 장씩 하면은 그게 굉장히
노인남여_노인대화08_F_1531552733_69_수도권_실내_09265.wav,1531552733,F,69,수도권,11.01,비가 오는 날에는 전 마 전 전 이 맛있잖아요,비가 오는 날에는 전이 맛있잖아요,비가 오는 날에는 전이 맛있잖아요
노인남여_노인대화08_F_1531552733_69_수도권_실내_09272.wav,1531552733,F,69,수도권,10.32,근데 김치전은 뭐 어지간하면 거의 다 맛있더라고요,근데 김치전은 뭐 어지간하면 거의 다 맛있더라고요,근데 김치전은 뭐 어지간하면 거의 다 맛있더라고요
노인남여_노인대화08_F_1531552733_69_수도권_실내_09274.wav,1531552733,F,69,수도권,10.07,이상하게 항상 좀 짜게 되는 것 같아서,이상하게 항상 좀 짜게 되는 것 같아서,이상하게 항상 좀 짜게 되는 것 같아서
노인남여_노인대화08_F_1531552733_69_수도권_실내_09285.wav,1531552733,F,69,수도권,11.09,이미 간이 되어 있기 있기 때문에 더 짤 수가 있어요,이미 간이 되어 있기 있기 때문에 더 짤 수가 있어요,이미 간이 되어 있기 때문에 더 짤 수가 있어요
노인남여_노인대화08_F_1531552733_69_수도권_실내_09291.wav,1531552733,F,69,수도권,14.08,저는 김치전을 부칠 때는 항상 우유 넣고 반죽을 해요,저는 김치전을 부칠 때는 항상 우유 넣고 반죽을 해요,저는 김치전을 부칠 때는 항상 우유 넣고 반죽을 해요
노인남여_노인대화08_F_1531552733_69_수도권_실내_09294.wav,1531552733,F,69,수도권,12.88,김치전 말고 다른 전을 부칠 때는 부침가루를 사용하는 게 좋은데,김치전 말고 다른 전을 부칠 때는 부침가루를 사용하는 게 좋은데,김치전 말고 다른 전을 부칠 때는 부침가루를 사용하는 게 좋은데
노인남여_노인대화08_F_1531552733_69_수도권_실내_09295.wav,1531552733,F,69,수도권,13.39,김치전을 부칠 때는 부침가루를 사용하는 것보다,김치전을 부칠 때는 부침가루를 사용하는 거보다,김치전을 부칠 때는 부침가루를 사용하는 거보다
노인남여_노인대화08_F_1531552733_69_수도권_실내_09297.wav,1531552733,F,69,수도권,11.26,김치도 간이 있는데 부침가루나 튀김가루는 간이 되어 있으니까,김치도 간이 있는데 부침가루나 튀김가루는 간이 되어 있으니까,김치도 간이 있는데 부침가루나 튀김가루는 간이 되어 있으니까
노인남여_노인대화08_F_1531552733_69_수도권_실내_09298.wav,1531552733,F,69,수도권,12.37,아 그럴 것 같네요 진짜 근데 바삭하게 하려고 하다보니,아 그럴 것 같네요 진짜 근데 바삭하게 하려고 하다 보니,아 그럴 것 같네요 진짜 근데 바삭하게 하려고 하다 보니
노인남여_노인대화08_F_1531552733_69_수도권_실내_09299.wav,1531552733,F,69,수도권,11.69,누가 튀김가루로 하면 하면은 되게 바삭바삭하다 그래서,누가 튀김 카루로 하면 하면은 되게 바삭바삭 하다 하다 그래서,누가 튀김 카루로 하면 하면은 되게 바삭바삭 하다 하다 그래서
노인남여_노인대화08_F_1531552733_69_수도권_실내_09301.wav,1531552733,F,69,수도권,10.07,바삭하긴 바삭하기는 한데 맛이 짜서 그런가 봐요,바삭 하긴 바삭 하기는 한데 맛이 짜서 그런가 봐요,바삭 하긴 바삭 하기는 한데 맛이 짜서 그런가 봐요
노인남여_노인대화08_F_1531552733_69_수도권_실내_09304.wav,1531552733,F,69,수도권,11.86,그리고 촉촉하고 부드럽게 하려면 우유를 넣어보세요,그리고 촉촉하고 부드럽게 하려면 우유를 넣어 보세요,그리고 촉촉하고 부드럽게 하려면 우유를 넣어 보세요
노인남여_노인대화08_F_1531552733_69_수도권_실내_09312.wav,1531552733,F,69,수도권,11.01,그래서 어 어쩔 때는 요거트를 막 만들어놔요,그래서 어쩔 때는 요거터를 만들어 놔요,그래서 어쩔 때는 요거터를 만들어 놔요
노인남여_노인대화08_F_1531552733_69_수도권_실내_09314.wav,1531552733,F,69,수도권,10.49,어릴 때는 많이 찾아 먹고 했는데 지금은 잘 안 먹고,어릴 때는 많이 찾아 먹고 했는데 지금은 잘 안 먹고,어릴 때는 많이 찾아 먹고 했는데 지금은 잘 안 먹고
노인남여_노인대화08_F_1531552733_69_수도권_실내_09317.wav,1531552733,F,69,수도권,10.83,그리고 또 뭐 저는 집에 집에는 손님들이 자주 와요,그리고 또 뭐 저는 집에 집에는 손님들이 자주 와요,그리고 또 뭐 저는 집에 집에는 손님들이 자주 와요
노인남여_노인대화08_F_1531552733_69_수도권_실내_09330.wav,1531552733,F,69,수도권,13.39,가스불에 올려 갖고 하는 압력밥솥으로 하는데,가스 불에 올려 갖고 하는 압력 밥솥으로 하는데,가스 불에 올려 갖고 하는 압력 밥솥으로 하는데
노인남여_노인대화08_F_1531552733_69_수도권_실내_09331.wav,1531552733,F,69,수도권,12.54,해 보셨나 모르겠는데 저는 집에 손님들이 오고 그러면 해요,해보셨나 모르겠는데 저는 집에 손님들이 오고 그러면 해요,해보셨나 모르겠는데 저는 집에 손님들이 오고 그러면 해요
노인남여_노인대화08_F_1531552733_69_수도권_실내_09332.wav,1531552733,F,69,수도권,10.41,하는데 그 레시피를 사람들한테 알려줬더니,하는데 크레시피를 사람들한테 알려 줬더니,하는데 크레시피를 사람들한테 알려 줬더니
노인남여_노인대화08_F_1531552733_69_수도권_실내_09333.wav,1531552733,F,69,수도권,10.24,어유 어유 나는 자기가 가르쳐 준대로 하면 잘 안돼,어휴 어휴 나는 자기가 가르쳐 준대로 하면 잘 안돼,어휴 어휴 나는 자기가 가르쳐 준 대로 하면 잘 안돼
노인남여_노인대화08_F_1531552733_69_수도권_실내_09336.wav,1531552733,F,69,수도권,10.24,홈파티 하는 곳에 가서 제가 압력밥솥을 샀어요,홈파티 하는 곳에 가서 제가 압력 밥솥을 샀어요,홈파티 하는 곳에 가서 제가 압력 밥솥을 샀어요
노인남여_노인대화08_F_1531552733_69_수도권_실내_09337.wav,1531552733,F,69,수도권,10.24,그거 휘슬러 그거 사러 가서 거기서 홈파티 하는데,그거 휘슬러 그거 사러 가서 거기서 홈파티 하는데,그거 사러 가서 거기서 홈파티 하는데
노인남여_노인대화08_F_1531552733_69_수도권_실내_09340.wav,1531552733,F,69,수도권,10.92,정말 이렇게 여러 가지 다양하게 할 수 있겠다 싶어서,정말 이렇게 여러 가지 다양하게 할 수 있겠다 싶어서,정말 이렇게 여러 가지 다양하게 할 수 있겠다 싶어서
노인남여_노인대화08_F_1531552733_69_수도권_실내_09347.wav,1531552733,F,69,수도권,12.03,내가 넣고 싶은 것을 것들 잣도 넣고 싶으면 넣고,내가 넣고 싶은 것을 것들 잣도 넣고 싶으면 넣고,내가 넣고 싶은 것을 것들 잣도 넣고 싶으면 넣고
노인남여_노인대화08_F_1531552733_69_수도권_실내_09348.wav,1531552733,F,69,수도권,10.49,은행도 넣고 싶으면 넣고 그 다음에 저는 큰 콩 있죠,은행도 넣고 싶으면 넣고 그 다음에 저는 큰 콩 있죠,은행도 넣고 싶으면 넣고 그 다음에 저는 큰 콩 있죠
노인남여_노인대화08_F_1531552733_69_수도권_실내_09352.wav,1531552733,F,69,수도권,10.32,다른 것들은 밥이 다 될때 넣어요,다른 것들은 밥이 다 될 때 넣어요,다른 것들은 밥이 다 될 때 넣어요
노인남여_노인대화08_F_1531552733_69_수도권_실내_09354.wav,1531552733,F,69,수도권,10.75,그니까 불려 놨던 찹쌀에다가 내가 넣고 싶은 것들을,그니까 불려놨던 찹쌀에다가 내가 넣고 싶은 것들을,그니까 불려 놨던 찹쌀에다가 내가 넣고 싶은 것들을
노인남여_노인대화08_F_1531552733_69_수도권_실내_09355.wav,1531552733,F,69,수도권,11.6,거기다 넣 넣고 싶은 거를 넣기 전에 설탕을 갖다가,거기다 넣고 싶은 거를 넣기 전에 설탕을 갖다가,거기다 놓고 싶은 거를 넣기 전에 설탕을 갖다가
노인남여_노인대화08_F_1531552733_69_수도권_실내_09357.wav,1531552733,F,69,수도권,11.18,흑설탕을 녹 녹이고 거기에 내가 넣고 싶은 거를 다 넣고,흑설탕을 녹이고 거기에 내가 넣고 싶은 거를 다 넣고,흑설탕을 녹이고 거기에 내가 넣고 싶은 거를 다 넣고
노인남여_노인대화08_F_1531552733_69_수도권_실내_09358.wav,1531552733,F,69,수도권,10.32,한참 이렇게 저어주면 그 설탕물이 까맣잖아요,한참 이렇게 저어주면 그 설탕물이 까맣잖아요,한참 이렇게 저어주면 그 설탕물이 까맣잖아요
노인남여_노인대화08_F_1531552733_69_수도권_실내_09364.wav,1531552733,F,69,수도권,12.11,딱 이만한 내 가 잘 담는 통에 한통 나오더라고요,딱 이만한 내가 잘 담는 통에 한 통 나오더라고요,딱 이만한 내가 잘 담는 통에 한 통 나오더라고요
노인남여_노인대화08_F_1531552733_69_수도권_실내_09365.wav,1531552733,F,69,수도권,11.94,그래서 손님들 왔을 때 그 통에 있는 걸 이렇게 담아서,그래서 손님들 왔을 때 그 통에 있는 것 걸 이렇게 담아서,그래서 손님들 왔을 때 그 통에 있는 것 걸 이렇게 담아서
노인남여_노인대화08_F_1531552733_69_수도권_실내_09367.wav,1531552733,F,69,수도권,11.43,착착 이렇게 넣으면 꼭 산처럼 예쁘게 되더라고요,착착 이렇게 넣으면 꼭 산처럼 예쁘게 되더라고요,착착 이렇게 넣으면 꼭 산처럼 예쁘게 되더라고요
노인남여_노인대화08_F_1531552733_69_수도권_실내_09371.wav,1531552733,F,69,수도권,10.49,우리 엄마가 되게 쉽다고 압력밥솥에 하면 금방이라고,우리 엄마가 되게 쉽다고 압력 밥솥에 하면 금방 일하고,우리 엄마가 되게 쉽다고 압력 밥솥에 하면 금방 일하고
노인남여_노인대화08_F_1531552733_69_수도권_실내_09375.wav,1531552733,F,69,수도권,11.35,해보진 않았는데 엄마가 되게 쉽다고 하더 그러더라고요,해보진 않았는데 엄마가 되게 쉽다고 하더 그러더라고요,해보진 않았는데 엄마가 되게 쉽다고 하더 그러더라고요
노인남여_노인대화08_F_1531552733_69_수도권_실내_09377.wav,1531552733,F,69,수도권,12.456,그냥 엄마가 해 주고 그랬으니까 먹기는 쉽더라고요,그냥 엄마가 해주고 그랬으니까 먹기는 쉽더라고요,그냥 엄마가 해주고 그랬으니까 먹기는 쉽더라고요
노인남여_노인대화08_F_1531552733_69_수도권_실내_09382.wav,1531552733,F,69,수도권,10.32,일키로 안되는 걸로 구백그램이나 팔백그램짜리,일키로 안되는 걸로 구백 그램이나 팔백 그램 짜리,일키로 안되는 걸로 구백 그램이나 팔백 그램 짜리
노인남여_노인대화08_F_1531552733_69_수도권_실내_09389.wav,1531552733,F,69,수도권,11.86,담기 전 직전에 넣고 한번 이렇게 저어서 저어서 주 주면,담기 직전에 넣고 한번 이렇게 저어서 주면,담기 직전에 넣고 한번 이렇게 저어서 주면
노인남여_노인대화08_F_1531552733_69_수도권_실내_09391.wav,1531552733,F,69,수도권,15.015,저도 그거 삼계탕 했는데 우리는 전복을 꼭 넣어요,저도 그거 삼계탕 했는데 우리는 전복을 꼭 넣어요,저도 그거 삼계탕 했는데 우리는 전복을 꼭 넣어요
노인남여_노인대화08_F_1531552733_69_수도권_실내_09392.wav,1531552733,F,69,수도권,11.18,그니까 닭 한마리 영계 한마리 한마리에 전복 한 하나,그니까 닭 한 마리 영계 한 마리 한 마리에 전복 한 하나,그니까 닭 한 마리 영계 한 마리 한 마리에 전복 한 하나
노인남여_노인대화08_F_1531552733_69_수도권_실내_09394.wav,1531552733,F,69,수도권,11.86,그거 먹는 버릇이 들어 들어서 안넣으면 안 넣으면은 맛이 없더라고요,그거 먹는 버릇이 들어 들어서 안 넣으면 안 넣으면은 맛이 없더라고요,그거 먹는 버릇이 들어 들어서 안 넣으면 안 넣으면은 맛이 없더라고요
노인남여_노인대화08_F_1531552733_69_수도권_실내_09398.wav,1531552733,F,69,수도권,15.015,저는 뭐 해물 종류는 넣지 않고 삼도 넣지 않아요,저는 뭐 해물 종류는 넣지 않고 삶도 넣지 않아요,저는 뭐 해물 종류는 넣지 않고 삶도 넣지 않아요
노인남여_노인대화08_F_1531552733_69_수도권_실내_09399.wav,1531552733,F,69,수도권,15.015,우리 가족들은 좀 열 체질이 많아서요,우리 가족들은 좀 열체질이 많아서요,우리 가족들은 좀 열체질이 많아서요
노인남여_노인대화08_F_1531552733_69_수도권_실내_09400.wav,1531552733,F,69,수도권,10.24,우리 딸도 열 체질이라 삼을 먹으면 안 좋다 그래요,우리 딸도 열체질이라 삼을 먹으면 안 좋다 그래요,우리 딸도 열체질이라 삼을 먹으면 안 좋다 그래요
노인남여_노인대화08_F_1531552733_69_수도권_실내_09405.wav,1531552733,F,69,수도권,12.63,그걸 미리 달여가지고 물을 붓고 하니까 좋더라고요,그걸 미리 다려 가지고 물을 붓고 하니까 좋더라고요,그걸 미리 다려 가지고 물을 붓고 하니까 좋더라고요
노인남여_노인대화08_F_1531552733_69_수도권_실내_09409.wav,1531552733,F,69,수도권,12.88,다른거보다 복달임은 삼계탕이 제일 나은 것 같아요,다른 거보다 복다림은 삼계탕이 제일 나은 것 같아요,다른 거보다 복다림은 삼계탕이 제일 나은 것 같아요
노인남여_노인대화08_F_1531552733_69_수도권_실내_09416.wav,1531552733,F,69,수도권,11.01,끓일 때도 그냥 이것 저것 넣고 끓이기만 하면 돼요,끓일 때도 그냥 이것저것 넣고 끓이기만 하면 돼요,끓일 때도 그냥 이것저것 넣고 끓이기만 하면 돼요
노인남여_노인대화08_F_1531552733_69_수도권_실내_09436.wav,1531552733,F,69,수도권,10.32,고추장으로 할 때는 꼭 떡을 넣으라 넣으라고 그 그러더라고요,고추장으로 할 때는 꼭 떡을 넣으라 넣으라고 그러더라고요,고추장으로 할 때는 꼭 떡을 넣으라 넣으라고 그러더라고요
노인남여_노인대화08_F_1531552733_69_수도권_실내_09455.wav,1531552733,F,69,수도권,13.91,이런 식으로 하니까 닭볶음탕 한가지 해놓으면,이런 식으로 하니까 닭곰뿜탕 한 가지 해 놓으면,이런 식으로 하니까 닭껌 팡 한 가지 해 놓으면
노인남여_노인대화08_F_1531552733_69_수도권_실내_09467.wav,1531552733,F,69,수도권,11.6,특별하게 먹을 거 없을 때 좋고 제일 맛있기도 하고 하잖아요,특별하게 먹을 거 없을 때 좋고 제일 맛있기도 하고 하잖아요,특별하게 먹을 거 없을 때 좋고 제일 맛있기도 하고 하잖아요
노인남여_노인대화08_F_1531552733_69_수도권_실내_09486.wav,1531552733,F,69,수도권,10.579,애들도 한 번씩 쪄 주기는 하는데 좀 찜찜해요 찜찜하고,애들도 한번씩 쪄 주기는 하는데 좀 찜찜해요 찜찜하고,애들도 한 번씩 쪄 주기는 하는데 좀 찜찜해요 찜찜하고
노인남여_노인대화08_F_1531552733_69_수도권_실내_09493.wav,1531552733,F,69,수도권,14.33,집에서 버섯도 넣고 여러 가지 다른 것도 넣어서 한 번씩 만들어요,집에서 버섯도 넣고 여러가지 다른 것도 넣어서 한번씩 만들어요,집에서 버섯도 넣고 여러가지 다른 것도 넣어서 한번씩 만들어요
노인남여_노인대화08_F_1531552733_69_수도권_실내_09494.wav,1531552733,F,69,수도권,11.176,그리고 저희 언니가 한 번씩 야 우리 오늘 만 만두 만들자 해요,그리고 저희 언니가 한번씩 야 우리 오늘 만두 만들자 해요,그리고 저희 언니가 한 번씩 야 우리 오늘 만두 만들자 해요
노인남여_노인대화08_F_1531552733_69_수도권_실내_09496.wav,1531552733,F,69,수도권,14.08,한번씩 언니가 우리 만두 한 번 만들어 먹자 하면,한번씩 언니가 우리 만두 한번 만들어 먹자 하면,한번씩 언니가 우리 만두 한 만두 한번 만들어 먹자 하면
노인남여_노인대화08_F_1531552733_69_수도권_실내_09498.wav,1531552733,F,69,수도권,10.75,만두 속을 이런 큰 볼에다 볼에다 볼에다가 한번씩 해요,만두 속을 이런 큰 볼에다 볼에다가 한번씩 해요,만두 속을 이런 큰 볼에다 볼에다가 한번씩 해요
노인남여_노인대화08_F_1531552733_69_수도권_실내_09499.wav,1531552733,F,69,수도권,12.03,그렇게 하는데 보통 시중에 파는 만두는 조그마하잖아요,그렇게 하는데 보통 시중에 파는 만두는 조그마 하잖아요,그렇게 하는데 보통 시중에 파는 만두는 조그마 하잖아요
노인남여_노인대화08_F_1531552733_69_수도권_실내_09501.wav,1531552733,F,69,수도권,11.94,그거를 너무 많이 만들어요 만드 그거 그거를 너무 많이 먹는 거예요,그거를 너무 많이 만들어요 그거 그거를 너무 많이 먹는 거예요,그거를 너무 많이 만들어요 만들 그거 그거를 너무 많이 먹는 거예요
노인남여_노인대화08_F_1531552733_69_수도권_실내_09505.wav,1531552733,F,69,수도권,10.58,그래서 그런가 많이 먹어도 살이 안 찌는 것 같아요,그래서 그런가 많이 먹어도 살이 안 찌는 것 같아요,그래서 그런가 많이 먹어도 살이 안 찌는 것 같아요
노인남여_노인대화08_F_1531552733_69_수도권_실내_09511.wav,1531552733,F,69,수도권,10.24,근데 그럴려면 김장김치를 많이 담그셔야겠네요,근데 그럴려면 김장 김치를 많이 담그셔야 겠네요,근데 그럴려면 김장 김치를 많이 담그셔야 겠네요
노인남여_노인대화08_F_1531552733_69_수도권_실내_09515.wav,1531552733,F,69,수도권,11.18,밑에서 오년 전에 이사 오면서 큰 걸로 샀는데,밑에서 오 년 전에 이사오면서 큰 걸로 샀는데,밑에서 오 년 전에 이사오면서 큰 걸로 샀는데
노인남여_노인대화08_F_1531552733_69_수도권_실내_09522.wav,1531552733,F,69,수도권,10.66,김치 김치통 좀 꺼내달라고 해야 낼 수 있어요,김치 김치 통 좀 꺼내 달라고 해야 낼 수 있어요,김치 김치 통 좀 꺼내 달라고 해야 낼 수 있어요
노인남여_노인대화08_F_1531552733_69_수도권_실내_09527.wav,1531552733,F,69,수도권,10.07,그래서 묵은 묵은지는 계속 이렇게 한 통씩 생기더라고요,그래서 묵은 묵은지는 계속 이렇게 한통씩 생기더라고요,그래서 묵은 묵은지는 계속 이렇게 한 통씩 생기더라고요
노인남여_노인대화08_F_1531552733_69_수도권_실내_09528.wav,1531552733,F,69,수도권,10.41,작년 게 다 먹어 가니까 또 올해게 생겨서,작년 게 다 먹어 가니까 또 오랫게 생겨서,작년 게 다 먹어 가니까 또 오랫게 생겨서
노인남여_노인대화08_F_1531552733_69_수도권_실내_09536.wav,1531552733,F,69,수도권,10.41,매번 몇 통씩 남아서 많이 안 안해 안 해,매번 몇 통씩 남아서 많이 안해 안해,매번 몇 통씩 남아서 많이 안해 안해
노인남여_노인대화08_F_1531552733_69_수도권_실내_09545.wav,1531552733,F,69,수도권,10.323,냉장고에 겨울 김치가 있고 매번 한 포기씩 해요,냉장고에 겨울 김치가 있고 매번 한 포기씩 해요,냉장고에 겨울 김치가 있고 매번 한 포기씩 해요
노인남여_노인대화08_F_1531552733_69_수도권_실내_09552.wav,1531552733,F,69,수도권,11.091,그래서 저는 일부러 만두 만들 만들 만들용으로 담아요,그래서 저는 일부러 만드 만들 만들 만들 용으로 담아요,그래서 저는 일부러 만드 만들 만들 용으로 담아요
노인남여_노인대화08_F_1531552733_69_수도권_실내_09553.wav,1531552733,F,69,수도권,12.285,왜냐하면 만두 만들 건 양념을 많이 안넣어도 되거 되거든요,왜냐하면 만두 만들건 양념을 많이 안 넣어도 되거든요,왜냐하면 만두 만들건 양념을 많이 안 넣어도 되거든요
노인남여_노인대화08_F_1531552733_69_수도권_실내_09554.wav,1531552733,F,69,수도권,13.22,만두 만들 김치는 배추 속을 많이 안넣어도 괜찮아,만두 만들 김치는 배추 속을 많이 안 넣어도 괜찮아,만두 만들 김치는 배추 속을 많이 안 넣어도 괜찮아
노인남여_노인대화08_F_1531552733_69_수도권_실내_09565.wav,1531552733,F,69,수도권,11.858,대충 슬슬 양념 묻혀서 만두용으로 한 통 만들어서,대충 슬슬 양념 묻혀서 만두용으로 한통 만들었어,대충 슬슬 양념 묻혀서 만두용으로 한 통 만들었어
노인남여_노인대화08_F_1531552733_69_수도권_실내_09570.wav,1531552733,F,69,수도권,12.88,확실히 만든게 맛있긴 하죠 맛있긴하죠 확실히 만든게 맛있긴 하죠,확실히 만든 게 맛있긴 하죠 맛있긴 하죠 확실히 만든 게 맛있긴 하죠,확실히 만든 게 맛있긴 하죠 맛있긴 하죠 확실히 만든 게 맛있긴 하죠
노인남여_노인대화08_F_1531552733_69_수도권_실내_09575.wav,1531552733,F,69,수도권,13.91,이렇게 숙성 숙성시키면 반죽이 반죽이 굉장히 부드러워져서,이렇게 숙성 숙성 시켜면 반죽이 반죽이 굉장히 부드러워져서,이렇게 숙성 숙성 시켜면 반죽이 반죽이 굉장히 부드러워져서
노인남여_노인대화08_F_1531552733_69_수도권_실내_09577.wav,1531552733,F,69,수도권,10.24,왼쪽으로 한 번만 이렇게 밀어주면 잘 밀리더라고요,왼쪽으로 한 번만 이렇게 밀어주면 잘 밀리더라고요,왼쪽으로 한 번만 이렇게 밀어주면 잘 밀리더라고요
노인남여_노인대화08_F_1531552733_69_수도권_실내_09581.wav,1531552733,F,69,수도권,10.66,그래서 저는 만두피는 반죽해놨다가 밀어서 하니까,그래서 저는 만두피는 반죽해 놨다가 밀어서 하니까,그래서 저는 만두피는 반죽해 놨다가 밀어서 하니까
노인남여_노인대화08_F_1531552733_69_수도권_실내_09584.wav,1531552733,F,69,수도권,11.35,먹방여행 갔지 근데 우리는 작년에 갔던 갔었던 울산에서,먹방 여행 갔지 근데 우리는 작년에 갔던 갔었던 울산에서,먹방 여행 갔지 근데 우리는 작년에 갔던 갔었던 울산에서
노인남여_노인대화08_F_1531552733_69_수도권_실내_09587.wav,1531552733,F,69,수도권,11.01,배말은 조금 들어 갔는데도 맛있더라,배말은 조금 들어가는 데도 맛있더라,배말은 조금 들어가는 데도 맛있더라
노인남여_노인대화08_F_1531552733_69_수도권_실내_09588.wav,1531552733,F,69,수도권,10.58,그 특유의 해산물 냄새가 약간 나면서 맛있더라,그 특유의 해산물 냄새가 약간 나면서 맛있더라,특유의 해산물 냄새가 약간 나면서 맛있더라
노인남여_노인대화08_F_1531552733_69_수도권_실내_09591.wav,1531552733,F,69,수도권,11.86,근데 회 같은 건 없고 그냥 해삼류나 전복 이런게,근데 때 같은 건 없고 그냥 해 삼류나 전복 이런게,근데 떼 같은 건 없고 그냥 해 삼류나 전복 이런게
노인남여_노인대화08_F_1531552733_69_수도권_실내_09592.wav,1531552733,F,69,수도권,14.42,성게 그런 그런게 있더라 있더라고 있더라고 성게 그런게 있더라고,성계 그런 그런 게 있더라 있더라고 있더라고 성계 그런 게 있더라고,성계 그런 그런 게 있더라 있더라고 있더라고 성계 그런 게 있더라고
노인남여_노인대화08_F_1531552733_69_수도권_실내_09597.wav,1531552733,F,69,수도권,13.14,근데 배 배말은 많이 안 넣었더라고 조금 밖에 안 넣어 줘,근데 배말은 많이 안 넣더라고 조금밖에 안 넣어줘,근데 배말은 많이 안 넣더라고 조금 밖에 안 넣어줘
노인남여_노인대화08_F_1531552733_69_수도권_실내_09600.wav,1531552733,F,69,수도권,12.63,그렇게 안 비싸 비쌌어 만원 안쪽 이었는데 팔천원정도,그렇게 안 비싸 비쌌어 만원 안쪽이었는데 팔천원 정도,그렇게 안 비싸 비쌌어 만원 안쪽이었는데 팔천원 정도
노인남여_노인대화08_F_1531552733_69_수도권_실내_09601.wav,1531552733,F,69,수도권,11.261,내가 정확하게는 기억을 못 하는데 한 팔천원에서 만원정도였어,내가 정확하게는 기억을 못하는데 한 팔천원에서 만원 정도였어,내가 정확하게는 기억을 못하는데 한 팔천원에서 만원 정도였어
노인남여_노인대화08_F_1531552733_69_수도권_실내_09605.wav,1531552733,F,69,수도권,11.01,먹고 보니까 그쪽에 할머니들이 해산물을 잡아서 팔더라고,먹고 보니까 그쪽에 할머니들이 해산물을 잡아서 팔더라고,먹고 보니까 그쪽에 할머니들이 해산물을 잡아서 팔더라고
노인남여_노인대화08_F_1531552733_69_수도권_실내_09607.wav,1531552733,F,69,수도권,10.66,내가 조리 도구가 있었으면 그냥 쪄서 먹고 싶었는데,내가 조리 도구가 있었으면 그냥 쪄서 먹고 싶었는데,내가 조리 도구가 있었으면 그냥 쪄서 먹고 싶었는데
노인남여_노인대화08_F_1531552733_69_수도권_실내_09611.wav,1531552733,F,69,수도권,10.32,우리가 갔던 데 익숙한 데 그런데 찾아 가게 됐잖아,우리가 갔던데 익숙한데 그런데 찾아 가게 됐잖아,우리가 갔던데 익숙한데 그런데 찾아 가게 됐잖아
노인남여_노인대화08_F_1531552733_69_수도권_실내_09613.wav,1531552733,F,69,수도권,11.77,저녁에는 물회를 먹었거든 근데 맛집을 찾아 찾아야해서,저녁에는 무리를 먹었거든 근데 맛집을 찾아 찾아야 해서,저녁에는 무리를 먹었거든 근데 맛집을 찾아야 해서
노인남여_노인대화08_F_1531552733_69_수도권_실내_09625.wav,1531552733,F,69,수도권,11.09,아빠는 바 바쁘다고 해서 못 갔었는데 이년전처럼 셋이 갔는데,아빠는 바쁘다고 해서 못 갔었는데 이년 전처럼 셋이 갔는데,아빠는 다 바쁘다고 해서 못 갔었는데 이년 전처럼 셋이 갔는데
노인남여_노인대화08_F_1531552733_69_수도권_실내_09627.wav,1531552733,F,69,수도권,10.75,그래도 아이 아빠가 없으니까 늦게까지 자 잘 놀았어,그래도 아이 아빠가 없으니까 늦게까지 잘 놀았어,그래도 아이 아빠가 없으니까 늦게까지 잘 놀았어
노인남여_노인대화08_F_1531552733_69_수도권_실내_09636.wav,1531552733,F,69,수도권,12.63,그냥 자기는 좀 한가할 때 갔다 오고 싶다더라 싶다더라고,그냥 자기는 좀 한가할 때 갔다 오고 싶다더라 싶다더라고,그냥 자기는 좀 한가할 때 갔다 오고 싶다더라 싶다더라고
노인남여_노인대화08_F_1531552733_69_수도권_실내_09637.wav,1531552733,F,69,수도권,10.24,어차피 지금은 약속한 기한을 맞춰야 해서,어차피 지금은 약속한 기한을 맞춰야 해서,어차피 지금은 약속한 기한을 맞춰야 해서
노인남여_노인대화08_F_1531552733_69_수도권_실내_09641.wav,1531552733,F,69,수도권,11.09,원래 일박 하기로 했는데 재미있어서 하루 더 놀다 왔어,원래 일박 하기로 했는데 재미있어서 하루 더 놀다 왔어,원래 일박 하기로 했는데 재미있어서 하루 더 놀다 왔어
노인남여_노인대화08_F_1531552733_69_수도권_실내_09650.wav,1531552733,F,69,수도권,10.66,뭐 그런 것부터 시작해서 생선 엄청 많더라고,뭐 그런 것부터 시작해서 생선 엄청 많더라고,뭐 그런 것부터 시작해서 생선 엄청 많더라고
노인남여_노인대화08_F_1531552733_69_수도권_실내_09669.wav,1531552733,F,69,수도권,12.797,근데 먹거리는 엄청 많다 어디 제일 생각나냐면,근데 먹거리는 엄청 많다 어디 제일 생각 나냐면,근데 먹거리는 엄청 많다 어디 제일 생각 나냐면
노인남여_노인대화08_F_1531552733_69_수도권_실내_09670.wav,1531552733,F,69,수도권,11.94,제주도 중문에 있는 큰 시장 있지 중문시장 인가,제주도 중문에 있는 큰 시장 있지 중문 시장인가,제주도 중문에 있는 큰 시장 있지 중문 시장인가
노인남여_노인대화08_F_1531552733_69_수도권_실내_09675.wav,1531552733,F,69,수도권,14.67,실제로 보면 제주도 시장보다 더 크다고 더 크다는 생각도 들어,실제로 보면 제주도 시장보다 더 크다고 더 크다는 생각도 들어,실제로 보면 제주도 시장보다 더 크다는 생각도 들어
노인남여_노인대화08_F_1531552733_69_수도권_실내_09677.wav,1531552733,F,69,수도권,14.93,거기 한 두개 배 한 두세 배 정도 크다고 내가 느낀 느낀거야,거기 한두개 배 한두 세배 정도 크다고 내가 느낀 느낀 거야,거기 한두 개에 한 두세 배 정도 크다고 내가 느낀 거야.
노인남여_노인대화08_F_1531552733_69_수도권_실내_09690.wav,1531552733,F,69,수도권,10.07,그렇게 쫀득쫀득 하지는 않았는데 내가 얼음물에 담궜거든,그렇게 쫀득쫀득 하지는 않았는데 내가 얼음물에 담궜거든,그렇게 쫀득쫀득 하지는 않았는데 내가 얼음물에 담궜거든
노인남여_노인대화08_F_1531552733_69_수도권_실내_09691.wav,1531552733,F,69,수도권,13.82,그러니까 식감이 냉장고에 한두 시간 숙성시킨 만큼은 아닌데,그러니까 식감이 냉장고에 한두 시간 숙성시킨 만큼은 아닌데,그러니까 식감이 냉장고에 한두 시간 숙성 시킨 만큼은 아닌데
노인남여_노인대화08_F_1531552733_69_수도권_실내_09692.wav,1531552733,F,69,수도권,11.18,그래도 나름 쫄깃쫄깃하고 소라는 되게 부드러웠어,그래도 나름 쫄깃쫄깃하고 소라는 되게 부드러웠어,그래도 나름 쫄깃쫄깃하고 소라는 되게 부드러웠어
노인남여_노인대화08_F_1531552733_69_수도권_실내_09696.wav,1531552733,F,69,수도권,11.432,근데 너무 맛있어서 그 다음날 다음날도 애들한테 해줬는데,근데 너무 맛있어서 그 다음날 다음날도 애들한테 해줬는데,근데 너무 맛있어서 그 다음날 다음날도 애들한테 해줬는데
노인남여_노인대화08_F_1531552733_69_수도권_실내_09699.wav,1531552733,F,69,수도권,15.015,누가 뭘 잡으면 궁금해해 그래서 가서 한 번씩 먹어,누가 뭘 잡으면 궁금해해 그래서 가서 한번씩 먹어,누가 뭘 잡으면 궁금해해 그래서 가서 한 번씩 먹어
노인남여_노인대화08_F_1531552733_69_수도권_실내_09709.wav,1531552733,F,69,수도권,13.99,어디지 울산 대나무 대나무 대 대나무 문화 숲길 거기 가고 싶댔잖아,어디지 울산 대나무 대나무 대나무 문화 숲길 거기 가고 싶댔잖아,어디지 울산 대나무 대나무 대나무 문화 숲길 거기 가고 싶댔잖아
노인남여_노인대화08_F_1531552733_69_수도권_실내_09714.wav,1531552733,F,69,수도권,10.32,그 쪽 은하수 길 그러니까 대나무숲 십 리,그쪽은 하수길 그러니까 대나무 숲 십리,그쪽은 하수길 그러니까 대나무 숲 십리
노인남여_노인대화08_F_1531552733_69_수도권_실내_09715.wav,1531552733,F,69,수도권,12.29,길이래 근데 거기 빤짝빤짝 빤짝빤짝이는 은하수 불 조명을 해,길이래 근데 거기 반짝반짝 반짝반짝이는 은하수 불 조명을 해,길이래 근데 거기 반짝반짝 반짝반짝이는 은하수 불 조명을 해
노인남여_노인대화08_F_1531552733_69_수도권_실내_09716.wav,1531552733,F,69,수도권,12.54,놨더라고 거기가 아 그니까 거기가 거기 가게가 제일 가고,낫더라고 거기가 그니까 거기가 거기 가게가 제일 가고,낫더라고 거기가 그니까 거기가 거기 가게가 제일 가고
노인남여_노인대화08_F_1531552733_69_수도권_실내_09717.wav,1531552733,F,69,수도권,12.11,싶었던 데라서 거기 거기서 사진 찍고 오빠랑 사진 찍고,거기서 사진 찍고 오빠랑 사진 찍고,거기서 사진 찍고 오빠랑 사진 찍고
노인남여_노인대화08_F_1531552733_69_수도권_실내_09720.wav,1531552733,F,69,수도권,11.35,그닥 많이는 안 다녔던 거 같애 그렇게 우리는,그당 많이는 안 다녔던 거 같애 그렇게 우리는,그당 많이는 안 다녔던 거 같아 그렇게 우리는
노인남여_노인대화08_F_1531552733_69_수도권_실내_09738.wav,1531552733,F,69,수도권,10.41,이천 십육년 시 십이월 되니까 왜 여자들이 항상,이천 십 육년 십 이월 되니까 왜 여자들이 항상,이천 십 육 년 십 이월 되니까 왜 여자들이 항상
노인남여_노인대화08_F_1531552733_69_수도권_실내_09742.wav,1531552733,F,69,수도권,10.07,작년부터는 산에 일주일에 세 번정도 못 가면 두 번,작년부터는 산에 일주일에 세 번 정도 못 가면 두 번,작년부터는 산에 일주일에 세 번 정도 못 가면 두 번
노인남여_노인대화08_F_1531552733_69_수도권_실내_09755.wav,1531552733,F,69,수도권,10.15,안 되다 보니까 나 내름 나 나대로 좋은 거 다 찾게 되고,안되다 보니까 나대로 좋은 거 다 찾게 되고,안되다 보니까 나대로 좋은 거 다 찾게 되고
노인남여_노인대화08_F_1531552733_69_수도권_실내_09757.wav,1531552733,F,69,수도권,10.15,그러다 보니까 또 경제적으로 들어가아는 돈도 많아지게 되고,그러다 보니까 또 경제적으로 들어가는 돈도 많아지게 되고,그러다 보니까 또 경제적으로 들어가는 돈도 많아지게 되고
노인남여_노인대화08_F_1531552733_69_수도권_실내_09759.wav,1531552733,F,69,수도권,11.52,가끔은 금액이 굉장히 비싸다 보니까 좀 그런 거에 예민하게 되고,가끔은 금액이 굉장히 비싸다 보니까 좀 그런 거에 예민하게 되고,가끔은 금액이 굉장히 비싸다 보니까 좀 그런 거에 예민하게 되고
노인남여_노인대화08_F_1531552733_69_수도권_실내_09761.wav,1531552733,F,69,수도권,10.15,살도 빠졌었고 몸도 좀 악약약하긴 했었지만,살도 빠졌었고 몸도 좀 약하긴 했었지만,살도 빠졌었고 몸도 좀 약하긴 했었지만
노인남여_노인대화08_F_1531552733_69_수도권_실내_09764.wav,1531552733,F,69,수도권,11.86,노을 선생님을 보니까 정말 건강 건강 음식들을 많이 아시는 것 같아서,노을 선생님을 보니까 정말 건강 건강 음식들을 많이 아시는 것 같아서,노을 선생님을 보니까 정말 건강 건강 음식들을 많이 아시는 것 같아서
노인남여_노인대화08_F_1531552733_69_수도권_실내_09770.wav,1531552733,F,69,수도권,13.22,살찌는 게 제일 문제였고 음식을 가려 가려서 먹어 보려는,살찌는 게 제일 문제였고 음식을 가려 가려서 먹어 보려는,살찌는 게 제일 문제였고 음식을 가려 가려서 먹어 보려는
노인남여_노인대화08_F_1531552733_69_수도권_실내_09773.wav,1531552733,F,69,수도권,11.09,그래서 요즘은 강의도 없고 해서 산을 줄기차게 다녀,그래서 요즘은 강의도 없고 해서 산을 줄기차게 다녀,그래서 요즘은 강의도 없고 해서 산을 줄기차게 다녀
노인남여_노인대화08_F_1531552733_69_수도권_실내_09785.wav,1531552733,F,69,수도권,11.86,그 친구 덕분에 같이 많이 걷게 되어서 너무 좋긴 했었거든요,그 친구 덕분에 같이 많이 걷게 되어서 너무 좋긴 했었거든요,친구 덕분에 같이 많이 걷게 되어서 너무 좋긴 했었거든요
노인남여_노인대화08_F_1531552733_69_수도권_실내_09797.wav,1531552733,F,69,수도권,11.94,그리고 그 시간 되면 이제 내가 피로 피로감을 너무 빨리 느끼니까,그리고 그 시간 되면 이제 내가 피로 피로감을 너무 빨리 느끼니까,그리고 그 시간 되면 이제 내가 피로 피로감을 너무 빨리 느끼니까
노인남여_노인대화08_F_1531552733_69_수도권_실내_09804.wav,1531552733,F,69,수도권,13.394,운동을 좀 장시간 하게 되면 이제 바로 피로감 피로감을 느끼느끼 느끼니까,운동을 좀 장시간 하게 되면 이제 바로 피로가 피로감을 느끼 느끼 느끼니까,운동을 좀 장시간 하게 되면 이제 바로 피로가 피로감을 느끼 느끼 느끼니까
노인남여_노인대화08_F_1531552733_69_수도권_실내_09806.wav,1531552733,F,69,수도권,10.238,그리고 몸에 좀 안 좋다라는 그 그런 건 거의 먹지 않고,그리고 몸에 좀 안 좋다라는 그런 건 거의 먹지 않고,그리고 몸에 좀 안 좋다라는 그런 건 거의 먹지 않고
노인남여_노인대화08_F_1531552733_69_수도권_실내_09814.wav,1531552733,F,69,수도권,13.14,워낙 좋아하진 않다 보니까 주로 생 생선이나 해물류 해물류나 야채류,나 좋아하진 않다 보니까 주로 생선이나 해물류 해물류나 야채류,나 좋아하진 않다 보니까 주로 생선이나 해물류 해물류나 야채류
노인남여_노인대화08_F_1531552733_69_수도권_실내_09821.wav,1531552733,F,69,수도권,11.52,우리 나이에는 당연히 이기적인 이기적이 돼야 되지 않을까요 않을까,우리 나이에는 당연히 이기적인 이기적이 돼야 되지 않을까요 않을까,우리 나이에는 당연히 이기적인 이기적이 돼야 되지 않을까요 않을까
노인남여_노인대화08_F_1531552733_69_수도권_실내_09822.wav,1531552733,F,69,수도권,14.5,왜냐하면 결혼해 가지고 솔직히 우리 혼자 여행 다녀본 일이 거의 없없다 싶이,왜냐하면 결혼해 가지고 솔직히 우리 혼자 여행 다녀 본 일이 거의 없다시피,왜냐하면 결혼해 가지고 솔직히 우리 혼자 여행 다녀본 일이 거의 없다시피
노인남여_노인대화08_F_1531552733_69_수도권_실내_09829.wav,1531552733,F,69,수도권,11.26,그 해 그때 그 애가 딱 들어섰다는 건 정말 정말 축복이었죠,그게 그때 그 애가 딱 들어섰다는 건 정말 정말 축복이었죠,그게 그때 그 애가 딱 들어섰다는 건 정말 정말 축복이었죠.
노인남여_노인대화08_F_1531552733_69_수도권_실내_09831.wav,1531552733,F,69,수도권,12.71,왜 나이가 들면 그 기형아라고 하는 문제가 생가 생겨서 양수 검사도 하고,왜 나이가 들면 그 기억하라고 하는 문제가 생겨서 양수 검사도 하고,왜 나이가 들면 그 기억하라고 하는 문제가 생겨서 양수 검사도 하고
노인남여_노인대화08_F_1531552733_69_수도권_실내_09836.wav,1531552733,F,69,수도권,10.58,그때 되면 사람들 송년회라 던지 막 그런 거 하잖아요,그때 되면 사람들 성년회 라던지 막 그런 거 하잖아요,그때 되면 사람들 성년회 라던지 막 그런거 하잖아요
노인남여_노인대화08_F_1531552733_69_수도권_실내_09837.wav,1531552733,F,69,수도권,12.54,그래서 병원 그래서 병원에 가서 검사를 했더니 그 의사 선생님이 축하한다고 하더라고요,그래서 병원 그래서 병원에 가서 검사를 했더니 그 의사 선생님이 축하한다고 하더라고요,그래서 병원에 가서 검사를 했더니 그 의사 선생님이 축하한다고 하더라고요
노인남여_노인대화08_F_1531552733_69_수도권_실내_09845.wav,1531552733,F,69,수도권,11.18,그 당시에 조카들이 다들 대학생들이었기 때문에 걔는 걔네들이 밀어줘서,그 당시에 조카들이 다들 대학생들이 였기 때문에 걔네들이 미뤄져서,그 당시에 조카들이 다들 대학생들이 였기 때문에 걔네들이 밀어줘서
노인남여_노인대화08_F_1531552733_69_수도권_실내_09847.wav,1531552733,F,69,수도권,14.33,그 녀 그리고 그 녀석이 태어나고 나서는 정말 모든 게 행복하고 너그러워지더라고,그리고 그 녀석이 태어나고 나서는 정말 모든 게 행복하고 너그러워 지더라고,그리고 그 녀석이 태어나고 나서는 정말 모든 게 행복하고 너그러워 지더라고
노인남여_노인대화08_F_1531552733_69_수도권_실내_09848.wav,1531552733,F,69,수도권,12.37,아 요새는 또 사춘기가 되다 보니까 나랑 부딪 부딪혀요,아 요새는 또 사춘기가 되다 보니까 나랑 부딪쳐요,요새는 또 사춘기가 되다 보니까 나랑 부딪쳐요
노인남여_노인대화08_F_1531552733_69_수도권_실내_09849.wav,1531552733,F,69,수도권,11.94,말 끝마다 꼬치꼬치 대꾸하고 아빠한테 엉길라고 해요 엉길라고 하고,말끝마다 꼬치꼬치 대꾸하고 아빠한테 옮길라고 하고,말끝마다 꼬치꼬치 대꾸하고 아빠한테 옮길라고 하고
노인남여_노인대화08_F_1531552733_69_수도권_실내_09851.wav,1531552733,F,69,수도권,11.18,요 녀석이 이런 건방진 행동을 하더라도 내내가 이해가 되더라고요,요녀석이 이런 건방진 행동을 하더라도 내가 이해가 되더라고요,요녀석이 이런 건방진 행동을 하더라도 내가 이해가 되더라고요
노인남여_노인대화08_F_1531552733_69_수도권_실내_09853.wav,1531552733,F,69,수도권,11.43,건강은 타고 난 것도 있을 수가 있고 또 본인이 노력해서 좋을 수도 있는데,건강은 타고난 것도 있을 수가 있고 또 본인이 노력해서 좋을 수도 있는데,건강은 타고난 것도 있을 수가 있고 또 본인이 노력해서 좋을 수도 있는데
노인남여_노인대화08_F_1531552733_69_수도권_실내_09854.wav,1531552733,F,69,수도권,13.31,나는 학교 다닐 때 중고등하학 중고등학교 시절에 운동을 굉장히 많이 했어요,나는 학교 다닐 때 중고등 학교 시절에 운동을 굉장히 많이 했어요,나는 학교 다닐 때 중고등 학교 시절에 운동을 굉장히 많이 했어요
노인남여_노인대화08_F_1531552733_69_수도권_실내_09856.wav,1531552733,F,69,수도권,10.66,아마 그때 내가 체력이 길러지지 않았 않았나 생각이 들어요,아마 그때 내가 체력이 길러지지 않았나 생각이 들어요,아마 그때 내가 체력이 길러지지 않았나 생각이 들어요
노인남여_노인대화08_F_1531552733_69_수도권_실내_09857.wav,1531552733,F,69,수도권,10.41,중간에는 관리를 할 수가 없었고 우리때는 시대적으로 봤을 때,중간에는 관리를 할 수가 없었고 우리 때는 시대적으로 봤을 때,중간에는 관리를 할 수가 없었고 우리 때는 시대적으로 봤을 때
노인남여_노인대화08_F_1531552733_69_수도권_실내_09858.wav,1531552733,F,69,수도권,11.6,그리고 늦게 애기를 낳고 나니까 나니까 좀 체력이 쳐지더라고요,그리고 늦게 애기를 낳고 나니까 좀 체력이 처지더라고요,그리고 늦게 애기를 낳고 나니까 좀 체력이 처지더라고요
노인남여_노인대화08_F_1531552733_69_수도권_실내_09861.wav,1531552733,F,69,수도권,10.24,처음부터 내가 잘 한 음식은 없고 수 없이 반복해서 만들고,처음부터 내가 잘한 음식은 먹고 수없이 반복해서 만들고,처음부터 내가 잘한 음식은 먹고 수없이 반복해서 만들고
노인남여_노인대화08_F_1531552733_69_수도권_실내_09862.wav,1531552733,F,69,수도권,15.02,많은 양 많은 양을 만들어 놓고 처리 처리 곤란하면 이 집도 퍼주고 저 집도 퍼주고 퍼주고 하면서,많은 양을 만들어 놓고 처리 처리 곤란하면 이 집도 퍼주고 저 집도 퍼주고 퍼주고 하면서,많은 양을 만들어 놓고 처리 처리 곤란하면 이 집도 퍼주고 저 집도 퍼주고 퍼주고 하면서
노인남여_노인대화08_F_1531552733_69_수도권_실내_09863.wav,1531552733,F,69,수도권,14.08,그래서 지금은 내 나름대로 음식 음식에 대한 노하우 또 그 음식의 장단점,그래서 지금은 내 나름대로 음식 음식에 대한 노하우 또 그 음식의 장단점,그래서 지금은 내 나름대로 음식 음식에 대한 노하우 또 그 음식의 장단점
노인남여_노인대화08_F_1531552733_69_수도권_실내_09864.wav,1531552733,F,69,수도권,10.41,이게 나한테 쌓인게 아닌가 봐 그 그런 생각이 들고,이게 나한테 쌓인 게 아닌가 그런 생각이 들고,이게 나한테 쌓인 게 아닌가 그런 생각이 들고
노인남여_노인대화08_F_1531552733_69_수도권_실내_09867.wav,1531552733,F,69,수도권,13.22,고맙습니다 저도 이제 예전 예전보다 조금 많이 사살쪄 살쪄져 있고,고맙습니다 저도 이제 예전 예전보다 조금 많이 살쪄 살쪄져 있고,고맙습니다 저도 이제 예전 예전보다 조금 많이 살쪄져 있고
노인남여_노인대화08_F_1531552733_69_수도권_실내_09870.wav,1531552733,F,69,수도권,11.01,그러다 보니까 또 그렇다고 특별나게 살 쪄 보이진 않는데,그러다 보니까 또 그렇다고 특별하게 살쪄 보이진 않는데,그러다 보니까 또 그렇다고 특별하게 살쪄 보이진 않는데
노인남여_노인대화08_F_1531552733_69_수도권_실내_09871.wav,1531552733,F,69,수도권,10.58,애들이 스스로 몸무게가 많이 나가는 것 보면 나가는 걸 보면,애들이 스스로 몸무게가 많이 나가는 것 보면 나가는 걸 보면,애들이 스스로 몸무게가 많이 나가는 것 보면 나가는 걸 보면
노인남여_노인대화08_F_1531552733_69_수도권_실내_09873.wav,1531552733,F,69,수도권,13.99,애들이 다 자기네들끼리 서로 살고 있는데 내가 봤을 때는,애들이 다 자기네들끼리 서로 살고 있는데 내가 봤을 때는,애들이 다 자기네들끼리 서로 살고 있는데 내가 봤을 때는
노인남여_노인대화08_F_1531552733_69_수도권_실내_09874.wav,1531552733,F,69,수도권,13.22,확실히 병도 가족력이 있지만 음식에서 음식에서도 오는 것 같아요,확실히 병도 가정역이 있지만 음식에서 음식에서도 오는 것 같아요,확실히 병도 가정력이 있지만 음식에서 음식에서도 오는 것 같아요
노인남여_노인대화08_F_1531552733_69_수도권_실내_09875.wav,1531552733,F,69,수도권,15.02,어떻게 먹고 어떤 걸 먹느냐에 따라 따라서 건강 신호가 오는 것 오는게 다른 것 같아요,어떻게 먹고 어떤 걸 먹느냐에 따라 따라서 건강 신호가 오는 것 오는 게 다른 것 같아요,어떻게 먹고 어떤 걸 먹느냐에 따라 따라서 건강 신호가 오는 것 오는 게 다른 것 같아요
노인남여_노인대화08_F_1531552733_69_수도권_실내_09877.wav,1531552733,F,69,수도권,11.26,바다 선생님처럼 애기일 때는 마흔 둘에 저를 낳았거든요,하다 선생님처럼 애기일 땐 마흔 둘에 저를 낳았거든요,하다 선생님처럼 애기일 땐 마흔 둘에 저를 낳았거든요
노인남여_노인대화08_F_1531552733_69_수도권_실내_09881.wav,1531552733,F,69,수도권,14.76,옛날 같으면 냇가에 그 대야 들고 막 헤엄치고 그러잖아요 그게 그렇게 부러웠어요,옛날 같으면 냇가에 그 대야 들고 막 헤엄치고 그러잖아요 그게 그렇게 부러웠어요,옛날 같으면 냇가에 그 대야 들고 막 헤엄치고 그러잖아요 그게 그렇게 부러웠어요
노인남여_노인대화08_F_1531552733_69_수도권_실내_09882.wav,1531552733,F,69,수도권,13.14,대문 밖을 나가지 못 하게 하고 하니까 나가면 쓰러지고 들어 오며 오고 하니까,대문 밖을 나가지 못하게 하고 하니까 나가면 쓰러지고 들어오면 오고 하니까,대문 밖을 나가지 못하게 하고 하니까 나가면 쓰러지고 들어오면 오고 하니까
노인남여_노인대화08_F_1531552733_69_수도권_실내_09885.wav,1531552733,F,69,수도권,13.22,그런 정도여였다 보니까 그래도 이제는 어울리거나 움직이는 거나,그런 정도였다 보니까 그래도 이제는 어울리거나 움직이는 거나,그런 정도였다 보니까 그래도 이제는 어울리거나 움직이는 거나
노인남여_노인대화08_F_1531552733_69_수도권_실내_09887.wav,1531552733,F,69,수도권,11.26,하고는 싶은데 내가 그 만큼 체력이 따라 주질 않는 거에요,하고는 싶은데 내가 그만큼 체력이 따라 주질 않는 거예요,하고는 싶은데 내가 그만큼 체력이 따라 주질 않는 거예요
노인남여_노인대화08_F_1531552733_69_수도권_실내_09888.wav,1531552733,F,69,수도권,10.75,그러니까 이 운동도 해 보고 저 운동도 해 보고 남들이 하는 건 다 하고 싶어서,그러니까 이 운동도 해보고 저 운동도 해보고 남들이 하는 건 다 하고 싶어서,그러니까 이 운동도 해보고 저 운동도 해보고 남들이 하는 건 다 하고 싶어서
노인남여_노인대화08_F_1531552733_69_수도권_실내_09889.wav,1531552733,F,69,수도권,12.2,그렇게 하다 보니까 나중에는 음식 하는 거에 관심이 생겨서 조금 하다보니까,그렇게 하다 보니까 나중에는 음식 하는 거에 관심이 생겨서 조금 하다 보니까,그렇게 하다 보니까 나중에는 음식 하는 거에 관심이 생겨서 조금 하다 보니까
노인남여_노인대화08_F_1531552733_69_수도권_실내_09894.wav,1531552733,F,69,수도권,11.01,설탕을 안 쓰고 간도 많이 싱겁게 하는 편이고요 편이고,설탕을 안 쓰고 간도 많이 싱겁게 하는 편이 있고요 편이고,설탕을 안 쓰고 간도 많이 싱겁게 하는 편이 있고요 편이고
노인남여_노인대화08_F_1531552733_69_수도권_실내_09896.wav,1531552733,F,69,수도권,13.138,그러다 보니까 그래서 그 그런지 또 혈압도 너무 저 혈압이다 보니까,그러다 보니까 그래서 그 그런 그런지 또 혈압도 너무 저혈압이다 보니까,그러다 보니까 그래서 그 그런 그런지 또 혈압도 너무 저혈압이다 보니까
노인남여_노인대화08_F_1531552733_69_수도권_실내_09897.wav,1531552733,F,69,수도권,11.347,이제 몸은 조금씩 살쪄 가고 병원에서도 이제 살을 너무 찌우지 말라고,이제 몸은 조금씩 살쪄가고 병원에서도 이제 살을 너무 찌우지 말라고,이제 몸은 조금씩 살쪄가고 병원에서도 이제 살을 너무 찌우지 말라고
노인남여_노인대화08_F_1531552733_69_수도권_실내_09900.wav,1531552733,F,69,수도권,11.18,더 쪘었는데 뺀 거죠 빼라고해서 뺐는데 가뿐해서 좋긴 하더라고요,더 졌었는데 뺀거죠 빼라고 해서 뺐는데 갑분해서 좋긴 하더라고요,더 졌었는데 뺀거죠 빼라고 해서 뺐는데 갑분해서 좋긴 하더라고요
노인남여_노인대화08_F_1531552733_69_수도권_실내_09903.wav,1531552733,F,69,수도권,10.75,우리가 음식을 골고루 잘 섭취하는게 다이어트라고 하잖아요,우리가 음식을 골고루 잘 섭취하는 게 다이어트라고 하잖아요,우리가 음식을 골고루 잘 섭취하는 게 다이어트라고 하잖아요
노인남여_노인대화08_F_1531552733_69_수도권_실내_09906.wav,1531552733,F,69,수도권,10.15,그것도 여건과 환경이 따라 줘야 할 수 있지 않을까 싶어요,그것도 여건과 환경이 따라 줘야 할 수 있지 않을까 싶어요,그것도 여건과 환경이 따라 줘야 할 수 있지 않을까 싶어요
노인남여_노인대화08_F_1531552733_69_수도권_실내_09912.wav,1531552733,F,69,수도권,11.09,그래서 좀 다이어트 하는데 관관심도 많이 갖기는 한하지만,그래서 좀 다이어트 하는데 관심도 많이 같기는 하지만,그래서 좀 다이어트 하는데 관심도 많이 같기는 하지만
노인남여_노인대화08_F_1531552733_69_수도권_실내_09916.wav,1531552733,F,69,수도권,12.46,정말 너무 궁금해 가지고 계속 그 얘기를 반복을 하게 되는데 정말 따라가고 싶고,정말 너무 궁금해 가지고 계속 그 얘기를 반복을 하게 되는데 정말 따라가고 싶고,정말 너무 궁금해 가지고 계속 그 얘기를 반복을 하게 되는데 정말 따라가고 싶고
노인남여_노인대화08_F_1531552733_69_수도권_실내_09918.wav,1531552733,F,69,수도권,10.49,희망이 생기는 것 같아요 왜냐하면 내가 늦둥이 우리 늦둥이를 낳으면서,희망이 생기는 것 같아요 왜냐하면 내가 늦둥이 우리 늦둥이를 낳으면서,희망이 생기는 것 같아요 왜냐하면 내가 늦둥이 우리 늦둥이를 낳으면서
노인남여_노인대화08_F_1531552733_69_수도권_실내_09919.wav,1531552733,F,69,수도권,15.02,지금 살이 안 빠져서 식단조절을 조금 더 철저히 했으면 좋겠어요,지금 살이 안 빠져서 식단 조절을 조금 더 철저히 했으면 좋겠어요,지금 살이 안 빠져서 식단 조절을 조금 더 철저히 했으면 좋겠어요
노인남여_노인대화08_F_1531552733_69_수도권_실내_09923.wav,1531552733,F,69,수도권,11.35,먹을 만큼 다 먹으면서 다이어트 한대,먹을만큼 다 먹으면서 다이어트 한대,먹을만큼 다 먹으면서 다이어트 한대
노인남여_노인대화08_F_1531552733_69_수도권_실내_09924.wav,1531552733,F,69,수도권,10.24,최근에 본 내용 중에서 다이어트 삼개월만에 십오키로를 뺀 사람이,최근에 본 내용 중에서 다이어트 삼개월 만에 십오 키로를 뺀 사람이,최근에 본 내용 중에서 다이어트 삼개월 만에 십오 키로를 뺀 사람이
노인남여_노인대화08_F_1531552733_69_수도권_실내_09925.wav,1531552733,F,69,수도권,12.541,비타민 민 미네랄 그 다음 단백질 옴 오메가쓰리 현 현미 이런걸 먹고,비타민 미네랄 그 다음 단백질 오메가 쓰리 현미 이런 걸 먹고,비타민 미네랄 그 다음 단백질 오메가 쓰리 현미 이런 걸 먹고
노인남여_노인대화08_F_1531552733_69_수도권_실내_09927.wav,1531552733,F,69,수도권,13.05,근데 실제로 현미는 다이어트 식품인 거는 누구나 다 아는 거지 거고 아는 거고,근데 실제로 현미는 다이어트 식품인거는 누구나 다 아는 거지 거고 아는 거고,근데 실제로 현미는 다이어트 식품인거는 누구나 다 아는 거지 거고 아는 거고
노인남여_노인대화08_F_1531552733_69_수도권_실내_09928.wav,1531552733,F,69,수도권,14.33,단백질도 뭐 닭가슴살만 말고 단백질 보조식품도 있고,단백질도 뭐 닭가슴살만 말고 단백질 보조 식품도 있고,단백질도 뭐 닭가슴살만 말고 단백질 보조 식품도 있고
노인남여_노인대화08_F_1531552733_69_수도권_실내_09932.wav,1531552733,F,69,수도권,11.77,그리고 그만큼 걸어 다닌 다니는까 운동은 따로 필요 없을 것 같애,그리고 그만큼 걸어 다니니까 운동은 따로 필요 없을 것 같애,그리고 그만큼 걸어 다니니까 운동은 따로 필요 없을 것 같애
노인남여_노인대화08_F_1531552733_69_수도권_실내_09937.wav,1531552733,F,69,수도권,13.99,탄수화물은 안 목고 실제로 저탄수하하물 저탄수화물을 먹어야 된다고 하는데,탄수화물은 안 먹고 실제로 저탄수화물 저탄수화물을 먹어야 된다고 하는데,탄수화물은 안 먹고 실제로 저탄수화물 저탄수화물을 먹어야 된다고 하는데
노인남여_노인대화08_F_1531552733_69_수도권_실내_09938.wav,1531552733,F,69,수도권,10.15,그 분은 탄수화물을 삼 개월 동안 입에 입에도 안 댔다고 하더라고,그분은 탄수화물을 삼개월 동안 입에 입에도 안 댔다고 하더라고,그분은 탄수화물을 천개월 동안 입에 입에도 안 댔다고 하더라고
노인남여_노인대화08_F_1531552733_69_수도권_실내_09943.wav,1531552733,F,69,수도권,12.2,요가를 하는 게 밖에서 움직이는 것 것 보다 앉아서,요가를 하는 게 밖에서 움직이는 것 것보다 앉아서,요가를 하는 게 밖에서 움직이는 것보다 앉아서
노인남여_노인대화08_F_1531552733_69_수도권_실내_09944.wav,1531552733,F,69,수도권,10.83,안에 있는 근육들을 만드는 게 요즘에는 요즘에는그게 건강에 좋다고,안에 있는 근육들을 만드는 게 요즘에는 요즘에는 그게 건강에 좋다고,안에 있는 근육들을 만드는 게 요즘에는 요즘에는 그게 건강에 좋다고
노인남여_노인대화08_F_1531552733_69_수도권_실내_09946.wav,1531552733,F,69,수도권,11.94,내장지방을 태워야 하는거니까 집에서 요가나 아니면 스트레칭,내장 지방을 태워야 하는 거니까 집에서 요가나 아니면 스트레칭,내장 지방을 태워야 하는 거니까 집에서 요가나 아니면 스트레칭
노인남여_노인대화08_F_1531552733_69_수도권_실내_09948.wav,1531552733,F,69,수도권,11.69,살이 그렇게 빠진다고 하더라고 군 군살이 이렇게,살이 그렇게 빠진다고 하더라고 군살이 이렇게,살이 그렇게 빠진다고 하더라고 군살이 이렇게
노인남여_노인대화08_F_1531552733_69_수도권_실내_09952.wav,1531552733,F,69,수도권,14.16,그게 요즘에는 슬로우푸드도 유행이지만 슬로우 슬로우운동도 또 유행이 유행이더라고,그게 요즘에는 슬로우푸드도 유행이지만 슬로우 슬로우 운동도 또 유행이 유행이더라고,그게 요즘에는 슬로우푸드도 유행이지만 슬로우 운동도 또 유행이더라고
노인남여_노인대화08_F_1531552733_69_수도권_실내_09956.wav,1531552733,F,69,수도권,10.07,그리고 중국 드라마나 영화를 보면 기체조 하는 거 있잖아,그리고 중국 드라마나 영화를 보면 기체조 하는 거 있잖아,그리고 중국 드라마나 영화를 보면 기체조 하는 거 있잖아
노인남여_노인대화08_F_1531552733_69_수도권_실내_09962.wav,1531552733,F,69,수도권,11.432,빨리 걸으면 내 안에 있는 내장지방이 빠질 거 같애,빨리 걸으면 내 안에 있는 내장 지방이 빠질 거 같애,빨리 걸으면 내 안에 있는 내장 지방이 빠질 거 같애
노인남여_노인대화08_F_1531552733_69_수도권_실내_09965.wav,1531552733,F,69,수도권,12.114,그러니까 차라리 역으로 천천히 운동하는 걸 찾는 방법도 괜찮을 것 같애,그러니까 차라리 역으로 천천히 운동하는 걸 찾는 방법도 괜찮을 것 같애,그러니까 차라리 역으로 천천히 운동하는 걸 찾는 방법도 괜찮을 것 같애
노인남여_노인대화08_F_1531552733_69_수도권_실내_09968.wav,1531552733,F,69,수도권,10.49,그 안심 등심 그 그게 다이어트 식품이 아니라,그 안심 등심 그게 다이어트 식품이 아니라,안심 등심 그게 다이어트 식품이 아니라
노인남여_노인대화08_F_1531552733_69_수도권_실내_09969.wav,1531552733,F,69,수도권,15.02,다이어트는 우리 장조림 할때 쓰는 설도 그런 거,다이어트는 우리 장조림 할 때 쓰는 설도 그런 거,다이어트는 우리 장조림 할 때 쓰는 설도 그런 거
노인남여_노인대화08_F_1531552733_69_수도권_실내_09971.wav,1531552733,F,69,수도권,13.82,그리고 돼지고기가 다이어트하는 데는 최고래 그러나 하더라도 하더 그러고 하더라고,그리고 돼지고기가 다이어트 하는 데는 최고래 그러나 하더라도 하더 그러고 하더라고,그리고 돼지고기가 다이어트 하는 데는 최고래 그러나 하더라도 하더 그러고 하더라고
노인남여_노인대화08_F_1531552733_69_수도권_실내_09972.wav,1531552733,F,69,수도권,11.09,그래서 다이어트 하는 사람들이 의외로 돼지고기 마 많이 먹는다고 하더라고,그래서 다이어트 하는 사람들이 의외로 돼지고기 많이 먹는다고 하더라고,그래서 다이어트 하는 사람들이 의외로 돼지고기 많이 먹는다고 하더라고
노인남여_노인대화08_F_1531552733_69_수도권_실내_09973.wav,1531552733,F,69,수도권,13.74,약간 닭고기는 질리니까 이제 돼지고기 안심 사서 그걸로 수육을 하 하는 하든,약간 닭고기는 질리니까 이제 돼지고기 안심 사서 그걸로 수육을 하든,약간 닭고기는 질리니까 이제 돼지고기 안심 사서 그걸로 수육을 하든
노인남여_노인대화08_F_1531552733_69_수도권_실내_09975.wav,1531552733,F,69,수도권,11.77,그럼 방법을 바꿔 본다고 했잖아요 요 요가나 기체조나,그럼 방법을 바꿔 본다고 했잖아요 요가나 기체조나,그럼 방법을 바꿔 본다고 했잖아요 요가나 기체조나
노인남여_노인대화08_F_1531552733_69_수도권_실내_09979.wav,1531552733,F,69,수도권,10.49,오키로를 빼겠다 이것도 몇 달 안에 빼겠다는,오 키로를 빼겠다 이것도 몇 달 안에 빼겠다는,오키르를 빼겠다 이것도 몇 달 안에 빼겠다는
노인남여_노인대화08_F_1531552733_69_수도권_실내_09982.wav,1531552733,F,69,수도권,12.88,요즘에 한참 많이 나오더라고 체지방 분해를 도와주는 체지방 빼는 약품,요즘에 한참 많이 나오더라고 체지방 분해를 도와주는 체지방 빼는 약품,요즘에 한참 많이 나오더라고 체지방 분해를 도와주는 체지방 빼는 약품
노인남여_노인대화08_F_1531552733_69_수도권_실내_09984.wav,1531552733,F,69,수도권,11.26,또 그런 거 도와주는 약품을 먹어 보는 보는 것도 괜찮은 거 같아,또 그런 거 도와주는 약품을 먹어보는 것도 괜찮은 거 같아,또 그런 거 도와주는 약품을 먹어보는 것도 괜찮은 거 같아
노인남여_노인대화08_F_1531552733_69_수도권_실내_09986.wav,1531552733,F,69,수도권,12.46,근데 이제 보니까 그런 다이어트를 하던 사람들이 요요가 많이 오는 게,근데 이제 보니까 그런 다이어트를 하던 사람들이 요요가 많이 오는 게,근데 이제 보니까 그런 다이어트를 하던 사람들이 요요가 많이 오는 게
노인남여_노인대화08_F_1531552733_69_수도권_실내_09987.wav,1531552733,F,69,수도권,10.75,굶고 그리고 식품을 절제하고 그거를 참고,군국 그리고 식품을 절제하고 그거를 참고,군국 그리고 식품을 절제하고 그거를 참고
노인남여_노인대화08_F_1531552733_69_수도권_실내_09991.wav,1531552733,F,69,수도권,10.92,아오 이제 마음을 푹 놓고 나는 먹어도 돼,아오 이제 마음을 푹 놓고 나는 먹어도 돼,아오 이제 마음을 푹 놓고 나는 먹어도 돼
노인남여_노인대화08_F_1531552733_69_수도권_실내_09992.wav,1531552733,F,69,수도권,14.42,그리고 그리고 이제 식욕을 절제했던 거를 먹기 시작하면 뇌에서,그리고 그리고 이제 식욕을 절제했던 거를 먹기 시작하면 돼서,그리고 그리고 이제 식욕을 절제했던 거를 먹기 시작하면 돼서
노인남여_노인대화08_F_1531552733_69_수도권_실내_09994.wav,1531552733,F,69,수도권,10.66,그러면 살이 예전의 살보다 두배로 더 찐다더라고,그러면 살이 예전의 살보다 두배로 더 찐다 더라고,그러면 살이 예전의 살보다 두배로 더 찐다 더라고
노인남여_노인대화08_F_1531552733_69_수도권_실내_09996.wav,1531552733,F,69,수도권,10.41,태워야 하는 거니까 우리가 먹는 음식을 안에서,태워야 하는 거니까 우리가 먹는 음식을 안해서,태워야 하는 거니까 우리가 먹는 음식을 안해서
노인남여_노인대화08_F_1531552733_69_수도권_실내_09998.wav,1531552733,F,69,수도권,10.92,그리고 그런 세포를 만들면 저절로 살이 안 찐대,그리고 그런 세포를 만들면 저절로 살이 안 찐대,그리고 그런 세포를 만들면 저절로 살이 안 찐대
노인남여_노인대화08_F_1531552733_69_수도권_실내_10002.wav,1531552733,F,69,수도권,13.223,한 쪽은 탄수화 탄수화물을 주면서 먹고 싶은대 싶은 대로 먹으라고 했는데,한쪽은 탄수화물을 주면서 먹고 싶은데 싶은대로 먹으라고 했는데,한쪽은 탄수화물을 주면서 먹고 싶은데 싶은대로 먹으라고 했는데
노인남여_노인대화08_F_1531552733_69_수도권_실내_10003.wav,1531552733,F,69,수도권,15.02,의외로 두 집단 중에 태울 수 태울 수 있는 음식을 먹은 사 집단 사람들이 살이 더 빠졌고,오히려 두 집단 중에 태울 태울 수 있는 음식을 먹은 집단 사람들이 살이 더 빠졌고,오히려 두 집단 중에 태울 태울 수 있는 음식을 먹은 집단 사람들이 살이 더 빠졌고
노인남여_노인대화08_F_1531552733_69_수도권_실내_10004.wav,1531552733,F,69,수도권,12.37,마음껏 먹으라 한 사람들은 배로 살 배로 찔 줄 알았는데,마음껏 먹으라 한 사람들은 배로 찔 줄 알았는데,마음껏 먹으라 한 사람들은 배로 찔 줄 알았는데
노인남여_노인대화08_F_1531552733_69_수도권_실내_10005.wav,1531552733,F,69,수도권,11.6,실제로 오천 오천 칼로리 정도의 열량을 줬는데도,실제로 오천 오천 칼로리 정도의 열량을 줬는데도,실제로 오천 오천 칼로리 정도의 열량을 줬는데도
노인남여_노인대화08_F_1531552733_69_수도권_실내_10010.wav,1531552733,F,69,수도권,10.75,그러니까 먹는 거 가지고 살이 찌는 건 아니야,그러니까 먹는 거 가지고 살이 찌는 건 아니야,그러니까 먹는 거 가지고 살이 찌는 건 아니야
노인남여_노인대화08_F_1531552733_69_수도권_실내_10011.wav,1531552733,F,69,수도권,10.32,그리고 언니 나이나 내 나이나 갱년기고 이제 몸에 변화가 와서,그리고 언니 나이나 내 나이나 백년기이고 이제 몸에 변화가 와서,그리고 언니 나이나 내 나이나 백년기이고 이제 몸에 변화가 와서
노인남여_노인대화08_F_1531552733_69_수도권_실내_10013.wav,1531552733,F,69,수도권,13.82,살찌우고 어떻게 해서든지 지방을 만들려고 하는 세포가 더 크니까,살찌우고 어떻게 해서든지 지방을 만들려고 하는 세포가 더 크니까,살찌우고 어떻게 해서든지 지방을 만들려고 하는 세포가 더 크니까
노인남여_노인대화08_F_1531552733_69_수도권_실내_10016.wav,1531552733,F,69,수도권,10.66,다른 방법을 찾아보고 인생을 즐기는 게 더 낫지 않을까,다른 방법을 찾아보고 인생을 즐기는 게 더 낫지 않을까,다른 방법을 찾아보고 인생을 즐기는 게 더 낫지 않을까
노인남여_노인대화08_F_1531552733_69_수도권_실내_10017.wav,1531552733,F,69,수도권,10.15,나는 그렇게 생각하거든 건강도 인생이 재미있어야지,나는 그렇게 생각하거든 건강도 인생이 재미있어야지,나는 그렇게 생각하거든 건강도 인생이 재미있어야지
노인남여_노인대화08_F_1531552733_69_수도권_실내_10022.wav,1531552733,F,69,수도권,11.69,이게 스트레스면 다 살이 되는 거지 건강하지 않을 않을 거 같아,이제 스트레스면 다 살이 되는 거지 건강하지 않을 않을 거 같아,이제 스트레스면 다 살이 되는 거지 건강하지 않을 않을 거 같아
노인남여_노인대화08_F_1531552733_69_수도권_실내_10024.wav,1531552733,F,69,수도권,14.76,그러니까 본인이 하고 하고싶 하고싶고 먹고 싶은 거 마음껏 먹고,그러니까 본인이 하고 하고 싶고 먹고 싶은 거 마음껏 먹고,그러니까 본인이 하고 하고 싶고 먹고 싶은 거 마음껏 먹고
노인남여_노인대화08_F_1531552733_69_수도권_실내_10026.wav,1531552733,F,69,수도권,12.88,그러니까 걷는 거는 아니고 앉아서 근력운동이나 스트레칭 기체조 요가,그러니까 걷는 거는 아니고 앉아서 근력 운동이나 스트레칭 기체조 요가,그러니까 걷는 거는 아니고 앉아서 근력 운동이나 스트레칭 기체조 요가
노인남여_노인대화08_F_1531552733_69_수도권_실내_10027.wav,1531552733,F,69,수도권,12.97,그런 건 근력운동이고 몸 안에 있는 근 근력을 늘리는 거니까,그런 건 근력 운동이고 몸 안에 있는 근력을 늘리는 거니까,그런건 근력 운동이고 몸 안에 있는 근력을 늘리는 거니까
노인남여_노인대화08_F_1531552733_69_수도권_실내_10028.wav,1531552733,F,69,수도권,13.31,그 다음 집에서 할 수 있는 거 기본 기본 체조로 중심 잡는 거,그다음 집에서 할 수 있는 거 기본 기본 체조로 중심 잡는 거,그다음 집에서 할 수 있는 거 기본 기본 체조로 중심 잡는 거
노인남여_노인대화08_F_1531552733_69_수도권_실내_10036.wav,1531552733,F,69,수도권,10.49,다시 전반적으로 전반적으로도 생각을 해보는 게 어떨까,다시 전반적으로 전반적으로도 생각을 해보는 게 어떨까,다시 전반적으로도 생각을 해보는 게 어떨까
노인남여_노인대화08_F_1531552733_69_수도권_실내_10037.wav,1531552733,F,69,수도권,11.77,그 방법 중 그 방법 중에서 도움을 받을 수 있는 건 많잖아,그 방법 중 그 방법 중에서 도움을 받을 수 있는 건 많잖아,그 방법 중에서 도움을 받을 수 있는 건 많잖아
노인남여_노인대화08_F_1531552733_69_수도권_실내_10040.wav,1531552733,F,69,수도권,11.18,언니 말대로 피티를 받고 그 전문가한테 도움을 받을 수도 있고,언니 말대로 피티를 받고 그 전문가한테 도움을 받을 수도 있고,언니 말대로 피티를 받고 그 전문가한테 도움을 받을 수도 있고
노인남여_노인대화08_F_1531552733_69_수도권_실내_10041.wav,1531552733,F,69,수도권,14.59,그게 돈이 든다고 생각되면 인터넷 녹색창에 들어가 들어가서 찾아 보는가 보든가 찾아보든가,그게 돈이 든다고 생각되면 인터넷 녹색 창에 들어가 들어가서 찾아보는가 보던가 찾아보던가,그게 돈이 든다고 생각되면 인터넷 녹색 창에 들어가 들어가서 찾아보는가 보던가 찾아보던가
노인남여_노인대화08_F_1531552733_69_수도권_실내_10043.wav,1531552733,F,69,수도권,12.71,요즘에는 정보화시대니까 어디든 어디서든지 찾을 수 있더라고,요즘에는 정보화 시대니까 어디든 어디서든 짓 찾을 수 있더라고,요즘에는 정보화 시대니까 어디든 어디서든 짓 찾을 수 있더라고
노인남여_노인대화08_F_1531552733_69_수도권_실내_10048.wav,1531552733,F,69,수도권,15.02,언니는 할머니랑 어른을 어른들 모시니까 절대 다이어트는 무리지,언니는 할머니랑 어른을 어른들 모시니까 절대 다이어트는 무리지,언니는 할머니랑 어른을 어른들 모시니까 절대 다이어트는 무리지
노인남여_노인대화08_F_1531552733_69_수도권_실내_10049.wav,1531552733,F,69,수도권,15.02,한끼 외에는 우리랑 수다 떨면서 먹는 거 와거 외에는 없잖아,한끼 위에는 우리랑 수다 떨면서 먹는 거와 거 위에는 없잖아,한끼 위에는 우리랑 수다 떨면서 먹는 거와 거 위에는 없잖아
노인남여_노인대화08_F_1531552733_69_수도권_실내_10054.wav,1531552733,F,69,수도권,11.86,배가 계속 나오니까 몸에 안 좋기는 하더라고 몸이 피곤하니 하고,배가 계속 나오니까 몸에 안 좋기는 하더라고 몸이 피곤하니 하고,배가 계속 나오니까 몸에 안 좋기는 하더라고 몸이 피곤하니 하고
노인남여_노인대화08_F_1531552733_69_수도권_실내_10055.wav,1531552733,F,69,수도권,13.22,그리고 허리도 안 좋고 무릎도 안 좋고 총체적인 난국 난국이긴 해,그리고 허리도 안 좋고 무릎도 안 좋고 총체적인 난극 난극이긴 해,그리고 허리도 안 좋고 무릎도 안 좋고 총체적인 난극 난극이긴 해
노인남여_노인대화08_F_1531552733_69_수도권_실내_10058.wav,1531552733,F,69,수도권,11.6,모든 게 다 이제 이만큼 써 먹어서 써먹어서 병원 갈 날만 기다리는데,모든 게 다 이제 이만큼 써먹어서 병원 갈날만 기다리는데,모든 게 다 이제 이만큼 써먹어서 병원 갈날만 기다리는데
노인남여_노인대화08_F_1531552733_69_수도권_실내_10063.wav,1531552733,F,69,수도권,13.31,다이어트 한 사람들 살 살 십키로 빼고 십오키로 뺐는데,다이어트 한 사람들 살 살 십키로 빼고 십오키로 뺐는데,다이어트 한 사람들 살 살 십키로 빼고 십오키로 뺐는데
노인남여_노인대화08_F_1531552733_69_수도권_실내_10064.wav,1531552733,F,69,수도권,12.11,픽픽 쓰러지잖아 요즘에 유행하는 하는 무슨 병도 못 이기고,픽픽 쓰러지잖아 요즘에 유행하는 하는 무슨 병도 못 이기고,픽픽 쓰러지잖아 요즘에 유행하는 하는 무슨 병도 못 이기고
노인남여_노인대화08_F_1531552733_69_수도권_실내_10066.wav,1531552733,F,69,수도권,10.58,그치만 그게 부러울 뿐이지 그 사람이 나중에 어떻게 될 줄 알아,그치만 그게 부러울 뿐이지 그 사람이 나중에 어떻게 될 줄 알아,그치만 그게 부러울 뿐이지 그 사람이 나중에 어떻게 될 줄 알아
노인남여_노인대화08_F_1531552733_69_수도권_실내_10075.wav,1531552733,F,69,수도권,11.86,그리고 우리 나이에 오키로 빼면 없어 보이 보여 볼살도 들어가고,그리고 우리 나이에 오 키로 빼면 없어 보이 보여 불살도 들어가고,그리고 우리 나이에 오키로 빼면 없어 보이 보여 불살도 들어가고
노인남여_노인대화08_F_1531552733_69_수도권_실내_10077.wav,1531552733,F,69,수도권,11.01,배에 있는 내장지방이 나 체 지방 이런 게 빠진다고 하면,배에 있는 내장 지방이 나체 지방 지방 이런게 빠진다고 하면,배에 있는 내장 지방이 나체 지방 지방 이런 게 빠진다고 하면
노인남여_노인대화08_F_1531552733_69_수도권_실내_10083.wav,1531552733,F,69,수도권,13.31,말씀하시는 그냥 걷는 것 것만으로 건 되는 건 아닌 거 같애,말씀하시는 그냥 걷는 것만으로 걷는 건 아닌 거 같애,말씀하시는 그냥 걷는 것만으로 걷는 건 아닌 거 같애
노인남여_노인대화08_F_1531552733_69_수도권_실내_10093.wav,1531552733,F,69,수도권,13.14,요가 프로그램 이나 건강 프로그램 으로 그르 프로그램에 보면 다 나와,요가 프로그램이나 건강 프로그램으로 프로그램에 보면 다 나와,요가 프로그램이나 건강 프로그램으로 프로그램에 보면 다 나와
노인남여_노인대화08_F_1531552733_69_수도권_실내_10094.wav,1531552733,F,69,수도권,10.41,그니까 정보를 찾으려고 하면 어디서든지 많이 찾을 수 있어,그니까 정보를 찾으려고 하면 어디서든지 많이 찾을 수 있어,그니까 정보를 찾으려고 하면 어디서든지 많이 찾을 수 있어
노인남여_노인대화08_F_1531552733_69_수도권_실내_10095.wav,1531552733,F,69,수도권,11.09,실제로는 뭐 우리가 잘 보는 알토란도 있고 그러니까,실제로는 뭐 우리가 잘 보는 알투란도 있고 그러니까,실제로는 뭐 우리가 잘 보는 알투란도 있고 그러니까
노인남여_노인대화08_F_1531552733_69_수도권_실내_10098.wav,1531552733,F,69,수도권,14.16,올해가 가기 전에 아니 몇 개월 안에 오키로 오키로 빠기 빼기를 바랄게,올해가 가기 전에 아니 몇 개월 안에 오키로 오키로 빼기를 바랄게,올해가 가기 전에 아니 몇 개월 안에 오키로 오키로 빼기를 바랄게
노인남여_노인대화08_F_1531552733_69_수도권_실내_P02101.wav,1531552733,F,69,수도권,15.02,너무너무 부드럽고 부드럽고요 귀엽고 예뻐요 너무너무 부드럽고 부드럽고요 귀엽,너무너무 부드럽고 부드럽고요 귀엽고 예뻐요 너무너무 부드럽고 부드럽고요,너무너무 부드럽고 부드럽고요 귀엽고 예뻐요 너무너무 부드럽고 부드럽고요
노인남여_노인대화08_F_1531552733_69_수도권_실내_P02104.wav,1531552733,F,69,수도권,15.02,너희는 남에게서 바라는 대로 나에게 해주어 해주어라 남에게 해주어라,너희는 남에게서 바라는 대로 나에게 해주어 해주어라 남에게 해주어라,너희는 남에게서 바라는 대로 나에게 해주어 해주어라 남에게 해주어라
노인남여_노인대화08_F_1531552733_69_수도권_실내_P02110.wav,1531552733,F,69,수도권,10.83,네번째 생산 양식은 자본주의적 생산이다,네 번째 생산 양식은 자본주의적 생산이다,네 번째 생산 양식은 자본주의적 생산이다
노인남여_노인대화08_F_1531552733_69_수도권_실내_P02112.wav,1531552733,F,69,수도권,10.49,노동 시간 단 단축의 공감대는 형성되고 있습니다,노동 시간 단축의 공감대는 형성되고 있습니다,노동 시간 단축의 공감대는 형성되고 있습니다
노인남여_노인대화08_F_1531552733_69_수도권_실내_P02113.wav,1531552733,F,69,수도권,10.49,노동계가 동투 겨울투쟁에 나섰습니다,노동계가 동투 겨울 투쟁에 나섰습니다,노동계가 동투 겨울 투쟁에 나섰습니다
노인남여_노인대화08_F_1531552733_69_수도권_실내_P02115.wav,1531552733,F,69,수도권,10.32,노동자의 인권이 신장돼 갔습니다,노동자의 인권이 신장 돼 갔습니다,노동자의 인권이 신장 돼 갔습니다
노인남여_노인대화08_F_1531552733_69_수도권_실내_P02118.wav,1531552733,F,69,수도권,10.75,노사 간 협상도 전면 중단된 상태입니다,노사간 협상도 전면 중단 된 상태입니다,노사간 협상도 전면 중단 된 상태입니다
노인남여_노인대화08_F_1531552733_69_수도권_실내_P02119.wav,1531552733,F,69,수도권,11.69,노사 관계에 진통이 예상되고 있어 있습니다,두사관계에 진통이 예상되고 있어 있습니다,조사 관계에 진통이 예상되고 있어 있습니다
노인남여_노인대화08_F_1531552733_69_수도권_실내_P02120.wav,1531552733,F,69,수도권,10.24,노사 협상이 지금 어떻게 진행되고 있습니까,노사협상이 지금 어떻게 진행되고 있습니까,노사협상이 지금 어떻게 진행되고 있습니까
노인남여_노인대화08_F_1531552733_69_수도권_실내_P02124.wav,1531552733,F,69,수도권,10.58,노씨가 공문서 위조에 사용 사용한 컴퓨터입니다,노씨가 공문서 위주의 사용 사용한 컴퓨터입니다,노시가 공문서 위주의 사용 사용한 컴퓨터입니다
노인남여_노인대화08_F_1531552733_69_수도권_실내_P02131.wav,1531552733,F,69,수도권,15.02,노조 측의 핵심 핵심 요구는 고용인정입니다,노조 측의 핵심 핵심 요구는 고용 인정입니다,노조 측의 핵심 요구는 고용 인정입니다
노인남여_노인대화08_F_1531552733_69_수도권_실내_P02145.wav,1531552733,F,69,수도권,11.86,논점을 구분하고 전제와 결론을 찾으라,논점을 구분하고 전제와 결론을 찾으라,논쟁을 구분하고 전제와 결론을 찾으라
노인남여_노인대화08_F_1531552733_69_수도권_실내_P02146.wav,1531552733,F,69,수도권,11.52,논증은 명제들을 그냥 모아 놓은 것이 아니다,논정은 명제들을 그냥 모아 놓은 것이 아니다,논정은 명제들을 그냥 모아 놓은 것이 아니다
노인남여_노인대화08_F_1531552733_69_수도권_실내_P02159.wav,1531552733,F,69,수도권,11.01,농촌 주택은 전원적 풍치를 향유할 수 있다,농촌 주택은 전원적 풍치를 향유할 수 있다,농촌 주택은 전원적 풍치를 향유할 수 있다
노인남여_노인대화08_F_1531552733_69_수도권_실내_P02175.wav,1531552733,F,69,수도권,12.46,뇌의 상처가 일상적 생활에 생화 생활에도 타격을 주었다,뇌의 상처가 일상적 생활에 생활에도 타격을 주었다,뇌의 상처가 일상적 생활에 생활에도 타격을 주었다
노인남여_노인대화08_F_1531552733_69_수도권_실내_P02200.wav,1531552733,F,69,수도권,11.176,뉴욕 증시가 이상 기류를 타고 있다죠,너희 역총시가 이상기류를 타고 있다죠,너 역정씨가 이상기류를 타고 있다죠
노인남여_노인대화12_F_1527825984_71_충청_실내_15433.wav,1527825984,F,71,충청,11.69,삼십대 중반부터 올랐을꺼야 집이 오르는 거를 경제력이 있을 때,삼십대 중발부터 몰랐을 거야 집이 오르는 거를 경제력이 있을 때,삼십대 중발부터 몰랐을 거야 집이 오르는 거를 경제력이 있을 때
